event_id,trip_id,leg_no,vehicle_id,occurred_at,event_type,lat,lon,speed_kmh,laden
E0015820,T00180,1,GLV-T11,2026-06-02 06:32:40,급출발,35.695767,129.331444,14.1,0
E0015821,T00180,1,GLV-T11,2026-06-02 06:34:50,급출발,35.691523,129.331763,23.4,0
E0015822,T00180,1,GLV-T11,2026-06-02 06:34:50,급가속,35.691555,129.331765,22.5,0
E0015823,T00180,1,GLV-T11,2026-06-02 06:35:00,급출발,35.691216,129.331197,12.4,0
E0015824,T00180,1,GLV-T11,2026-06-02 06:36:10,급감속,35.692575,129.32721,26.8,0
E0015825,T00180,1,GLV-T11,2026-06-02 06:41:40,급감속,35.713238,129.279426,73.1,0
E0015826,T00180,1,GLV-T11,2026-06-02 06:45:20,급감속,35.72438,129.236515,80,0
E0015827,T00180,1,GLV-T11,2026-06-02 06:51:40,급감속,35.777226,129.200572,85.8,0
E0015828,T00180,1,GLV-T11,2026-06-02 07:01:40,급가속,35.827102,129.122984,31,0
E0015829,T00180,1,GLV-T11,2026-06-02 07:01:40,급정지,35.826995,129.123075,34.6,0
E0015830,T00180,1,GLV-T11,2026-06-02 07:09:10,급가속,35.879439,129.055798,78.5,0
E0015831,T00180,1,GLV-T11,2026-06-02 07:10:10,급출발,35.888634,129.046649,80.3,0
E0015832,T00180,1,GLV-T11,2026-06-02 07:18:00,급가속,35.927318,128.966137,68.4,0
E0015833,T00180,1,GLV-T11,2026-06-02 07:30:50,급정지,35.877118,128.801585,80.1,0
E0015834,T00180,1,GLV-T11,2026-06-02 07:35:30,급정지,35.874693,128.815837,23.1,0
E0015835,T00180,1,GLV-T11,2026-06-02 07:35:40,급정지,35.874819,128.816755,26.2,0
E0015836,T00180,1,GLV-T11,2026-06-02 07:37:20,급감속,35.876489,128.824083,17.9,0
E0015837,T00180,1,GLV-T11,2026-06-02 07:40:50,급가속,35.870386,128.824961,10.5,0
E0015838,T00180,1,GLV-T11,2026-06-02 07:40:50,급감속,35.870264,128.824839,16.1,0
E0015839,T00180,2,GLV-T11,2026-06-02 08:31:40,급출발,35.874626,128.815963,26.9,1
E0015840,T00180,2,GLV-T11,2026-06-02 08:31:40,급출발,35.874764,128.816005,27.1,1
E0015841,T00180,2,GLV-T11,2026-06-02 08:31:50,급출발,35.874514,128.815029,29.8,1
E0015842,T00180,2,GLV-T11,2026-06-02 08:34:20,급가속,35.87556,128.792847,57.1,1
E0015843,T00180,2,GLV-T11,2026-06-02 08:43:20,급출발,35.875859,128.685264,80.8,1
E0015844,T00180,2,GLV-T11,2026-06-02 08:46:20,급감속,35.840027,128.689882,40.2,1
E0015845,T00180,2,GLV-T11,2026-06-02 08:47:10,급감속,35.835533,128.692664,6,1
E0015846,T00180,2,GLV-T11,2026-06-02 08:48:30,급가속,35.831852,128.698473,40.3,1
E0015847,T00180,2,GLV-T11,2026-06-02 09:11:00,급감속,35.591048,128.767335,77.7,1
E0015848,T00180,2,GLV-T11,2026-06-02 09:21:50,급가속,35.474921,128.774052,81.7,1
E0015849,T00180,2,GLV-T11,2026-06-02 09:23:10,급정지,35.459646,128.772707,78.3,1
E0015850,T00180,2,GLV-T11,2026-06-02 09:27:40,급감속,35.41262,128.796675,74.5,1
E0015851,T00180,2,GLV-T11,2026-06-02 09:32:40,급가속,35.374523,128.850264,76.6,1
E0015852,T00180,2,GLV-T11,2026-06-02 09:32:50,급가속,35.372813,128.851195,79,1
E0015853,T00180,2,GLV-T11,2026-06-02 09:39:40,급출발,35.341687,128.931376,75.6,1
E0015854,T00180,2,GLV-T11,2026-06-02 09:39:40,급가속,35.341688,128.931324,70.9,1
E0015855,T00180,2,GLV-T11,2026-06-02 09:54:20,급감속,35.22616,128.935429,6,1
E0015856,T00180,2,GLV-T11,2026-06-02 09:54:20,급감속,35.226115,128.935509,6,1
E0015857,T00180,2,GLV-T11,2026-06-02 09:55:10,급감속,35.223198,128.931914,38.8,1
E0015858,T00180,2,GLV-T11,2026-06-02 09:55:40,급감속,35.221266,128.928922,50.1,1
E0015859,T00180,2,GLV-T11,2026-06-02 09:59:20,급가속,35.194322,128.894804,80.2,1
E0015860,T00180,2,GLV-T11,2026-06-02 10:04:00,급가속,35.148221,128.877976,70.4,1
E0015861,T00180,2,GLV-T11,2026-06-02 10:09:40,급출발,35.103602,128.835495,53.6,1
E0015862,T00180,2,GLV-T11,2026-06-02 10:12:00,급정지,35.093034,128.834461,6,1
E0015863,T00180,2,GLV-T11,2026-06-02 10:12:30,급가속,35.092469,128.834576,6,1
E0015864,T00180,2,GLV-T11,2026-06-02 10:12:50,급정지,35.091876,128.83455,13.6,1
E0015865,T00180,2,GLV-T11,2026-06-02 10:13:10,급가속,35.090953,128.834483,6,1
E0015866,T00180,2,GLV-T11,2026-06-02 10:15:20,급감속,35.087301,128.834617,18.5,1
E0015867,T00180,2,GLV-T11,2026-06-02 10:15:30,급감속,35.086792,128.834692,6,1
E0015868,T00181,1,GLV-T11,2026-06-06 06:06:50,급가속,35.691311,129.331613,15.6,0
E0015869,T00181,1,GLV-T11,2026-06-06 06:07:00,급출발,35.691232,129.330988,18.7,0
E0015870,T00181,1,GLV-T11,2026-06-06 06:07:40,급출발,35.692044,129.328818,18.9,0
E0015871,T00181,1,GLV-T11,2026-06-06 06:08:20,급가속,35.692648,129.326426,39.4,0
E0015872,T00181,1,GLV-T11,2026-06-06 06:12:20,급감속,35.710485,129.296776,63,0
E0015873,T00181,1,GLV-T11,2026-06-06 06:17:20,급출발,35.725349,129.236193,82.4,0
E0015874,T00181,1,GLV-T11,2026-06-06 06:25:10,급가속,35.795107,129.203099,66.3,0
E0015875,T00181,1,GLV-T11,2026-06-06 06:33:20,급가속,35.826099,129.124471,6,0
E0015876,T00181,1,GLV-T11,2026-06-06 06:34:10,급가속,35.827341,129.122628,34.8,0
E0015877,T00181,1,GLV-T11,2026-06-06 06:34:20,급감속,35.827817,129.121723,34.8,0
E0015878,T00181,1,GLV-T11,2026-06-06 06:34:50,급가속,35.829133,129.118975,50.8,0
E0015879,T00181,1,GLV-T11,2026-06-06 07:00:00,급감속,35.881551,128.845584,74.7,0
E0015880,T00181,1,GLV-T11,2026-06-06 07:05:00,급출발,35.875585,128.792819,64.9,0
E0015881,T00181,1,GLV-T11,2026-06-06 07:08:00,급감속,35.874706,128.81645,24.8,0
E0015882,T00181,1,GLV-T11,2026-06-06 07:11:50,급감속,35.874999,128.82498,6,0
E0015883,T00181,1,GLV-T11,2026-06-06 07:12:20,급정지,35.87407,128.824921,14.6,0
E0015884,T00181,1,GLV-T11,2026-06-06 07:12:40,급가속,35.873309,128.824961,17.8,0
E0015885,T00181,1,GLV-T11,2026-06-06 07:13:30,급가속,35.871336,128.824882,13.7,0
E0015886,T00181,1,GLV-T11,2026-06-06 07:13:50,급감속,35.870698,128.824819,14.1,0
E0015887,T00181,1,GLV-T11,2026-06-06 07:14:00,급감속,35.870384,128.824851,12.3,0
E0015888,T00181,2,GLV-T11,2026-06-06 08:06:20,급출발,35.876318,128.824924,17.4,1
E0015889,T00181,2,GLV-T11,2026-06-06 08:08:30,급출발,35.874908,128.817448,27.5,1
E0015890,T00181,2,GLV-T11,2026-06-06 08:08:40,급감속,35.874718,128.816414,18.1,1
E0015891,T00181,2,GLV-T11,2026-06-06 08:23:30,급가속,35.841116,128.689525,36.5,1
E0015892,T00181,2,GLV-T11,2026-06-06 08:24:30,급가속,35.836123,128.692095,41.5,1
E0015893,T00181,2,GLV-T11,2026-06-06 08:24:40,급가속,35.835473,128.692854,28.1,1
E0015894,T00181,2,GLV-T11,2026-06-06 08:25:10,급가속,35.833662,128.695417,35,1
E0015895,T00181,2,GLV-T11,2026-06-06 08:28:30,급가속,35.812152,128.72656,69.7,1
E0015896,T00181,2,GLV-T11,2026-06-06 08:32:50,급가속,35.763499,128.73032,73.7,1
E0015897,T00181,2,GLV-T11,2026-06-06 08:35:20,급감속,35.735685,128.736209,69.3,1
E0015898,T00181,2,GLV-T11,2026-06-06 08:54:50,급가속,35.518887,128.795679,76.2,1
E0015899,T00181,2,GLV-T11,2026-06-06 09:03:00,급가속,35.429779,128.782865,74.5,1
E0015900,T00181,2,GLV-T11,2026-06-06 09:07:40,급가속,35.393692,128.832596,74.9,1
E0015901,T00181,2,GLV-T11,2026-06-06 09:09:30,급감속,35.376125,128.848898,75.5,1
E0015902,T00181,2,GLV-T11,2026-06-06 09:09:30,급감속,35.376095,128.849023,74.5,1
E0015903,T00181,2,GLV-T11,2026-06-06 09:12:00,급가속,35.35789,128.874736,83.5,1
E0015904,T00181,2,GLV-T11,2026-06-06 09:31:00,급가속,35.227279,128.936676,44.3,1
E0015905,T00181,2,GLV-T11,2026-06-06 09:31:10,급감속,35.226329,128.935619,43.7,1
E0015906,T00181,2,GLV-T11,2026-06-06 09:31:20,급가속,35.225542,128.934777,41.9,1
E0015907,T00181,2,GLV-T11,2026-06-06 09:31:30,급가속,35.224795,128.933901,36.3,1
E0015908,T00181,2,GLV-T11,2026-06-06 09:32:30,급감속,35.22114,128.928632,38.5,1
E0015909,T00181,2,GLV-T11,2026-06-06 09:47:00,급감속,35.099062,128.834506,28.3,1
E0015910,T00181,2,GLV-T11,2026-06-06 09:47:00,급감속,35.099038,128.834611,25.4,1
E0015911,T00181,2,GLV-T11,2026-06-06 09:47:40,급감속,35.096173,128.834437,20,1
E0015912,T00181,2,GLV-T11,2026-06-06 09:48:00,급정지,35.095227,128.834461,23.7,1
E0015913,T00181,2,GLV-T11,2026-06-06 09:48:50,급정지,35.092074,128.834576,17.1,1
E0015914,T00181,2,GLV-T11,2026-06-06 09:51:20,급출발,35.087282,128.834616,6,1
E0015915,T00181,2,GLV-T11,2026-06-06 09:51:40,급출발,35.086886,128.834631,14.6,1
E0015916,T00181,2,GLV-T11,2026-06-06 09:51:40,급가속,35.086927,128.834636,12.7,1
E0015917,T00182,1,GLV-T11,2026-06-10 06:41:40,급가속,35.696437,129.332685,11.2,0
E0015918,T00182,1,GLV-T11,2026-06-10 06:45:10,급감속,35.691496,129.330352,22.9,0
E0015919,T00182,1,GLV-T11,2026-06-10 06:45:30,급가속,35.691865,129.329222,18.6,0
E0015920,T00182,1,GLV-T11,2026-06-10 06:46:30,급출발,35.692475,129.327006,27.6,0
E0015921,T00182,1,GLV-T11,2026-06-10 06:50:50,급감속,35.710622,129.296742,73,0
E0015922,T00182,1,GLV-T11,2026-06-10 06:57:30,급출발,35.739915,129.222541,80.6,0
E0015923,T00182,1,GLV-T11,2026-06-10 07:02:10,급정지,35.778798,129.200834,80.1,0
E0015924,T00182,1,GLV-T11,2026-06-10 07:10:50,급감속,35.82233,129.130329,44.3,0
E0015925,T00182,1,GLV-T11,2026-06-10 07:12:40,급정지,35.828538,129.12034,35.7,0
E0015926,T00182,1,GLV-T11,2026-06-10 07:19:40,급가속,35.881128,129.054637,71.8,0
E0015927,T00182,1,GLV-T11,2026-06-10 07:27:30,급가속,35.931387,128.974749,78.4,0
E0015928,T00182,1,GLV-T11,2026-06-10 07:43:20,급출발,35.873825,128.796734,61.8,0
E0015929,T00182,1,GLV-T11,2026-06-10 07:46:10,급가속,35.874911,128.818039,21.7,0
E0015930,T00182,1,GLV-T11,2026-06-10 07:48:20,급정지,35.876126,128.825007,16,0
E0015931,T00182,1,GLV-T11,2026-06-10 07:48:20,급정지,35.876135,128.825006,16.6,0
E0015932,T00182,1,GLV-T11,2026-06-10 07:48:40,급가속,35.875291,128.82496,16.5,0
E0015933,T00182,1,GLV-T11,2026-06-10 07:49:10,급감속,35.873912,128.824973,16.1,0
E0015934,T00182,1,GLV-T11,2026-06-10 07:50:50,급감속,35.870412,128.824903,9.3,0
E0015935,T00182,2,GLV-T11,2026-06-10 08:44:30,급출발,35.876538,128.824423,17,1
E0015936,T00182,2,GLV-T11,2026-06-10 08:45:10,급출발,35.876076,128.821502,6,1
E0015937,T00182,2,GLV-T11,2026-06-10 08:47:00,급출발,35.874594,128.814889,27,1
E0015938,T00182,2,GLV-T11,2026-06-10 08:47:10,급가속,35.874466,128.814211,18.1,1
E0015939,T00182,2,GLV-T11,2026-06-10 09:01:30,급가속,35.841184,128.689575,43.1,1
E0015940,T00182,2,GLV-T11,2026-06-10 09:02:00,급가속,35.838255,128.690524,34.1,1
E0015941,T00182,2,GLV-T11,2026-06-10 09:02:30,급가속,35.835851,128.692413,49.7,1
E0015942,T00182,2,GLV-T11,2026-06-10 09:05:30,급가속,35.817963,128.7191,87,1
E0015943,T00182,2,GLV-T11,2026-06-10 09:17:10,급가속,35.690081,128.739996,79.2,1
E0015944,T00182,2,GLV-T11,2026-06-10 09:28:00,급감속,35.571596,128.77631,87.6,1
E0015945,T00182,2,GLV-T11,2026-06-10 09:31:00,급가속,35.539081,128.792655,78.6,1
E0015946,T00182,2,GLV-T11,2026-06-10 09:37:10,급가속,35.472208,128.773936,79.1,1
E0015947,T00182,2,GLV-T11,2026-06-10 09:47:20,급가속,35.377521,128.847686,88.1,1
E0015948,T00182,2,GLV-T11,2026-06-10 09:48:40,급감속,35.36389,128.857136,72.4,1
E0015949,T00182,2,GLV-T11,2026-06-10 09:51:50,급감속,35.359348,128.900113,79.6,1
E0015950,T00182,2,GLV-T11,2026-06-10 10:09:00,급가속,35.227458,128.937101,32.1,1
E0015951,T00182,2,GLV-T11,2026-06-10 10:09:50,급감속,35.224192,128.933033,42.8,1
E0015952,T00182,2,GLV-T11,2026-06-10 10:10:30,급출발,35.22245,128.930591,28.9,1
E0015953,T00182,2,GLV-T11,2026-06-10 10:10:40,급정지,35.221801,128.92992,38.3,1
E0015954,T00182,2,GLV-T11,2026-06-10 10:14:30,급감속,35.194614,128.894668,74.8,1
E0015955,T00182,2,GLV-T11,2026-06-10 10:15:00,급가속,35.189508,128.897919,87.2,1
E0015956,T00182,2,GLV-T11,2026-06-10 10:19:30,급감속,35.145122,128.876259,83.6,1
E0015957,T00182,2,GLV-T11,2026-06-10 10:21:20,급감속,35.130236,128.859192,72,1
E0015958,T00182,2,GLV-T11,2026-06-10 10:21:50,급가속,35.12646,128.854033,85.3,1
E0015959,T00182,2,GLV-T11,2026-06-10 10:25:30,급감속,35.099109,128.834493,25.7,1
E0015960,T00182,2,GLV-T11,2026-06-10 10:25:40,급정지,35.098531,128.834483,25.9,1
E0015961,T00182,2,GLV-T11,2026-06-10 10:25:50,급정지,35.097785,128.834594,20.5,1
E0015962,T00182,2,GLV-T11,2026-06-10 10:27:50,급정지,35.092414,128.834577,19.9,1
E0015963,T00182,2,GLV-T11,2026-06-10 10:28:00,급감속,35.092001,128.834605,16.8,1
E0015964,T00182,2,GLV-T11,2026-06-10 10:28:40,급감속,35.090127,128.834514,17.6,1
E0015965,T00182,2,GLV-T11,2026-06-10 10:29:40,급감속,35.088202,128.834526,21.9,1
E0015966,T00183,1,GLV-T11,2026-06-14 08:34:00,급가속,35.695973,129.331795,10.5,0
E0015967,T00183,1,GLV-T11,2026-06-14 08:34:00,급출발,35.695979,129.331744,10.9,0
E0015968,T00183,1,GLV-T11,2026-06-14 08:34:10,급출발,35.695868,129.331378,17.7,0
E0015969,T00183,1,GLV-T11,2026-06-14 08:36:50,급가속,35.691343,129.330885,6,0
E0015970,T00183,1,GLV-T11,2026-06-14 08:41:10,급가속,35.70052,129.303147,58.3,0
E0015971,T00183,1,GLV-T11,2026-06-14 09:02:30,급감속,35.82243,129.130348,37.2,0
E0015972,T00183,1,GLV-T11,2026-06-14 09:02:30,급가속,35.822327,129.130434,34.6,0
E0015973,T00183,1,GLV-T11,2026-06-14 09:04:20,급가속,35.828421,129.120742,28.5,0
E0015974,T00183,1,GLV-T11,2026-06-14 09:15:50,급감속,35.910152,129.008537,77.2,0
E0015975,T00183,1,GLV-T11,2026-06-14 09:17:20,급출발,35.924672,128.998792,78.5,0
E0015976,T00183,1,GLV-T11,2026-06-14 09:26:40,급가속,35.89373,128.886678,85,0
E0015977,T00183,1,GLV-T11,2026-06-14 09:30:30,급감속,35.878943,128.834811,72.7,0
E0015978,T00183,1,GLV-T11,2026-06-14 09:37:40,급감속,35.874887,128.816875,28.7,0
E0015979,T00183,1,GLV-T11,2026-06-14 09:37:40,급정지,35.874927,128.816855,23,0
E0015980,T00183,1,GLV-T11,2026-06-14 09:37:50,급가속,35.874932,128.817627,21.3,0
E0015981,T00183,1,GLV-T11,2026-06-14 09:38:40,급감속,35.875942,128.821214,29.6,0
E0015982,T00183,1,GLV-T11,2026-06-14 09:40:40,급감속,35.875069,128.824961,14.9,0
E0015983,T00183,1,GLV-T11,2026-06-14 09:41:10,급감속,35.873878,128.824997,12.7,0
E0015984,T00183,2,GLV-T11,2026-06-14 10:48:30,급출발,35.876393,128.823569,18.6,1
E0015985,T00183,2,GLV-T11,2026-06-14 10:50:30,급감속,35.875137,128.818717,20.7,1
E0015986,T00183,2,GLV-T11,2026-06-14 10:50:50,급출발,35.87478,128.817138,27.1,1
E0015987,T00183,2,GLV-T11,2026-06-14 10:51:00,급가속,35.874812,128.816334,21.6,1
E0015988,T00183,2,GLV-T11,2026-06-14 10:55:10,급감속,35.878955,128.778529,69.5,1
E0015989,T00183,2,GLV-T11,2026-06-14 11:02:40,급가속,35.877347,128.685584,74.6,1
E0015990,T00183,2,GLV-T11,2026-06-14 11:06:00,급가속,35.84021,128.689769,33.8,1
E0015991,T00183,2,GLV-T11,2026-06-14 11:07:10,급가속,35.834843,128.693473,6,1
E0015992,T00183,2,GLV-T11,2026-06-14 11:07:10,급가속,35.834912,128.693472,6,1
E0015993,T00183,2,GLV-T11,2026-06-14 11:11:50,급가속,35.802439,128.731605,76.6,1
E0015994,T00183,2,GLV-T11,2026-06-14 11:22:30,급가속,35.681808,128.743929,76.6,1
E0015995,T00183,2,GLV-T11,2026-06-14 11:24:00,급감속,35.663953,128.745606,72.1,1
E0015996,T00183,2,GLV-T11,2026-06-14 11:27:00,급가속,35.632182,128.758431,68.4,1
E0015997,T00183,2,GLV-T11,2026-06-14 11:35:20,급가속,35.541978,128.792265,79.2,1
E0015998,T00183,2,GLV-T11,2026-06-14 11:37:20,급감속,35.51857,128.795851,72.4,1
E0015999,T00183,2,GLV-T11,2026-06-14 11:46:10,급가속,35.423948,128.786291,80.2,1
E0016000,T00183,2,GLV-T11,2026-06-14 11:58:40,급가속,35.347856,128.924608,80.5,1
E0016001,T00183,2,GLV-T11,2026-06-14 11:59:50,급가속,35.337098,128.935038,73.7,1
E0016002,T00183,2,GLV-T11,2026-06-14 12:13:30,급가속,35.228292,128.93857,41.3,1
E0016003,T00183,2,GLV-T11,2026-06-14 12:13:40,급감속,35.227724,128.937534,40.2,1
E0016004,T00183,2,GLV-T11,2026-06-14 12:13:40,급가속,35.22782,128.937521,39.8,1
E0016005,T00183,2,GLV-T11,2026-06-14 12:14:10,급정지,35.225708,128.934953,45.9,1
E0016006,T00183,2,GLV-T11,2026-06-14 12:20:10,급정지,35.180775,128.901159,73.6,1
E0016007,T00183,2,GLV-T11,2026-06-14 12:20:30,급가속,35.176932,128.901058,73.2,1
E0016008,T00183,2,GLV-T11,2026-06-14 12:29:40,급가속,35.100571,128.834723,50.5,1
E0016009,T00183,2,GLV-T11,2026-06-14 12:30:20,급감속,35.097341,128.834511,29.7,1
E0016010,T00183,2,GLV-T11,2026-06-14 12:31:10,급감속,35.094172,128.834508,23.5,1
E0016011,T00183,2,GLV-T11,2026-06-14 12:32:10,급가속,35.091547,128.834524,14.8,1
E0016012,T00183,2,GLV-T11,2026-06-14 12:33:10,급정지,35.08951,128.834544,11.1,1
E0016013,T00183,2,GLV-T11,2026-06-14 12:33:40,급감속,35.088332,128.834578,6,1
E0016014,T00184,1,GLV-T11,2026-06-18 06:54:40,급감속,35.69454,129.331858,20.3,0
E0016015,T00184,1,GLV-T11,2026-06-18 06:54:50,급출발,35.694191,129.332004,14,0
E0016016,T00184,1,GLV-T11,2026-06-18 06:55:40,급감속,35.692631,129.332049,6,0
E0016017,T00184,1,GLV-T11,2026-06-18 06:58:00,급출발,35.692377,129.32788,29,0
E0016018,T00184,1,GLV-T11,2026-06-18 07:01:40,급가속,35.706045,129.300728,62.9,0
E0016019,T00184,1,GLV-T11,2026-06-18 07:13:00,급가속,35.770206,129.201609,69.5,0
E0016020,T00184,1,GLV-T11,2026-06-18 07:18:00,급가속,35.809302,129.188927,85.3,0
E0016021,T00184,1,GLV-T11,2026-06-18 07:23:20,급감속,35.825474,129.125455,41.9,0
E0016022,T00184,1,GLV-T11,2026-06-18 07:23:30,급감속,35.826091,129.124359,6,0
E0016023,T00184,1,GLV-T11,2026-06-18 07:24:50,급감속,35.829548,129.118054,31.4,0
E0016024,T00184,1,GLV-T11,2026-06-18 07:32:20,급감속,35.887613,129.047948,77,0
E0016025,T00184,1,GLV-T11,2026-06-18 07:33:50,급가속,35.89195,129.027801,72.9,0
E0016026,T00184,1,GLV-T11,2026-06-18 07:40:20,급감속,35.92615,128.964213,81.3,0
E0016027,T00184,1,GLV-T11,2026-06-18 07:41:40,급감속,35.922187,128.94593,73.7,0
E0016028,T00184,1,GLV-T11,2026-06-18 07:57:40,급정지,35.874755,128.816703,28,0
E0016029,T00184,1,GLV-T11,2026-06-18 07:58:00,급가속,35.875077,128.818401,32.1,0
E0016030,T00184,1,GLV-T11,2026-06-18 07:58:00,급정지,35.874958,128.81835,29.8,0
E0016031,T00184,1,GLV-T11,2026-06-18 07:58:40,급가속,35.875969,128.821186,26.6,0
E0016032,T00184,1,GLV-T11,2026-06-18 08:02:50,급정지,35.87171,128.824978,16,0
E0016033,T00184,1,GLV-T11,2026-06-18 08:03:40,급가속,35.870228,128.824851,6,0
E0016034,T00184,2,GLV-T11,2026-06-18 09:01:00,급출발,35.876427,128.823806,18.3,1
E0016035,T00184,2,GLV-T11,2026-06-18 09:01:50,급감속,35.87578,128.820572,24.1,1
E0016036,T00184,2,GLV-T11,2026-06-18 09:02:10,급감속,35.87536,128.819442,6,1
E0016037,T00184,2,GLV-T11,2026-06-18 09:03:00,급감속,35.874805,128.816743,17,1
E0016038,T00184,2,GLV-T11,2026-06-18 09:14:30,급가속,35.87988,128.686859,79.1,1
E0016039,T00184,2,GLV-T11,2026-06-18 09:15:50,급가속,35.86427,128.686316,71.6,1
E0016040,T00184,2,GLV-T11,2026-06-18 09:16:10,급감속,35.860529,128.686752,84.3,1
E0016041,T00184,2,GLV-T11,2026-06-18 09:17:50,급감속,35.840615,128.689542,34.9,1
E0016042,T00184,2,GLV-T11,2026-06-18 09:18:00,급가속,35.839786,128.689904,36.1,1
E0016043,T00184,2,GLV-T11,2026-06-18 09:18:10,급가속,35.83892,128.690187,43.1,1
E0016044,T00184,2,GLV-T11,2026-06-18 09:18:50,급가속,35.835408,128.692794,36.8,1
E0016045,T00184,2,GLV-T11,2026-06-18 09:31:20,급가속,35.71703,128.742244,79.2,1
E0016046,T00184,2,GLV-T11,2026-06-18 09:31:30,급가속,35.715279,128.742992,90.2,1
E0016047,T00184,2,GLV-T11,2026-06-18 09:32:30,급감속,35.703235,128.740942,76.3,1
E0016048,T00184,2,GLV-T11,2026-06-18 09:36:30,급감속,35.65758,128.745648,73.5,1
E0016049,T00184,2,GLV-T11,2026-06-18 09:52:40,급정지,35.483087,128.776302,83,1
E0016050,T00184,2,GLV-T11,2026-06-18 09:57:50,급출발,35.424418,128.785869,77.1,1
E0016051,T00184,2,GLV-T11,2026-06-18 10:04:40,급가속,35.36947,128.852465,81.3,1
E0016052,T00184,2,GLV-T11,2026-06-18 10:09:50,급출발,35.353612,128.917778,76.4,1
E0016053,T00184,2,GLV-T11,2026-06-18 10:25:20,급감속,35.228272,128.938419,44.8,1
E0016054,T00184,2,GLV-T11,2026-06-18 10:25:20,급감속,35.228246,128.93856,43.1,1
E0016055,T00184,2,GLV-T11,2026-06-18 10:27:00,급정지,35.222057,128.930346,51.1,1
E0016056,T00184,2,GLV-T11,2026-06-18 10:27:00,급정지,35.222037,128.930243,48.3,1
E0016057,T00184,2,GLV-T11,2026-06-18 10:27:10,급정지,35.221375,128.929155,45.9,1
E0016058,T00184,2,GLV-T11,2026-06-18 10:30:10,급감속,35.200953,128.898126,80,1
E0016059,T00184,2,GLV-T11,2026-06-18 10:41:00,급감속,35.104729,128.835921,51.9,1
E0016060,T00184,2,GLV-T11,2026-06-18 10:42:00,급감속,35.097695,128.834504,16.8,1
E0016061,T00184,2,GLV-T11,2026-06-18 10:42:30,급감속,35.096019,128.834516,26.6,1
E0016062,T00184,2,GLV-T11,2026-06-18 10:42:30,급출발,35.096029,128.83459,26.1,1
E0016063,T00184,2,GLV-T11,2026-06-18 10:43:40,급가속,35.092462,128.834458,15.7,1
E0016064,T00184,2,GLV-T11,2026-06-18 10:43:50,급정지,35.092009,128.834527,6,1
E0016065,T00184,2,GLV-T11,2026-06-18 10:46:00,급정지,35.089153,128.834503,15.3,1
E0016066,T00184,2,GLV-T11,2026-06-18 10:46:50,급출발,35.087135,128.834572,15.9,1
E0016067,T00185,1,GLV-T11,2026-06-22 06:43:40,급가속,35.69589,129.331538,10.9,0
E0016068,T00185,1,GLV-T11,2026-06-22 06:44:20,급출발,35.694821,129.331653,14.4,0
E0016069,T00185,1,GLV-T11,2026-06-22 06:45:40,급가속,35.6917,129.331821,19.9,0
E0016070,T00185,1,GLV-T11,2026-06-22 06:47:20,급가속,35.692752,129.326423,45.9,0
E0016071,T00185,1,GLV-T11,2026-06-22 06:57:30,급감속,35.738363,129.229959,80.2,0
E0016072,T00185,1,GLV-T11,2026-06-22 07:11:40,급감속,35.823168,129.129207,38.6,0
E0016073,T00185,1,GLV-T11,2026-06-22 07:12:30,급감속,35.826094,129.124594,6,0
E0016074,T00185,1,GLV-T11,2026-06-22 07:13:50,급가속,35.828298,129.12091,36.3,0
E0016075,T00185,1,GLV-T11,2026-06-22 07:14:10,급가속,35.829246,129.118829,32.6,0
E0016076,T00185,1,GLV-T11,2026-06-22 07:28:50,급출발,35.930828,128.973584,74.7,0
E0016077,T00185,1,GLV-T11,2026-06-22 07:30:40,급출발,35.922471,128.950216,74.1,0
E0016078,T00185,1,GLV-T11,2026-06-22 07:33:40,급감속,35.902281,128.918554,83.5,0
E0016079,T00185,1,GLV-T11,2026-06-22 07:39:30,급출발,35.880242,128.840194,77.7,0
E0016080,T00185,1,GLV-T11,2026-06-22 07:47:10,급감속,35.874791,128.817068,31.1,0
E0016081,T00185,1,GLV-T11,2026-06-22 07:47:10,급정지,35.874809,128.817113,30.3,0
E0016082,T00185,1,GLV-T11,2026-06-22 07:47:20,급감속,35.875012,128.817957,29.3,0
E0016083,T00185,1,GLV-T11,2026-06-22 07:49:10,급정지,35.876529,128.824634,24.1,0
E0016084,T00185,1,GLV-T11,2026-06-22 07:50:50,급감속,35.872866,128.82489,6,0
E0016085,T00185,2,GLV-T11,2026-06-22 08:29:50,급출발,35.875479,128.824945,15.5,1
E0016086,T00185,2,GLV-T11,2026-06-22 08:33:00,급가속,35.874597,128.815109,26.5,1
E0016087,T00185,2,GLV-T11,2026-06-22 08:35:10,급감속,35.875519,128.796597,59.8,1
E0016088,T00185,2,GLV-T11,2026-06-22 08:40:10,급감속,35.874687,128.736143,78,1
E0016089,T00185,2,GLV-T11,2026-06-22 08:46:10,급감속,35.856318,128.687408,77.5,1
E0016090,T00185,2,GLV-T11,2026-06-22 08:47:40,급감속,35.839758,128.689854,38.5,1
E0016091,T00185,2,GLV-T11,2026-06-22 08:47:50,급가속,35.83895,128.690151,38,1
E0016092,T00185,2,GLV-T11,2026-06-22 09:09:20,급가속,35.623544,128.763196,83.5,1
E0016093,T00185,2,GLV-T11,2026-06-22 09:10:10,급감속,35.614493,128.766915,81.8,1
E0016094,T00185,2,GLV-T11,2026-06-22 09:12:30,급감속,35.587893,128.767132,78.5,1
E0016095,T00185,2,GLV-T11,2026-06-22 09:12:40,급가속,35.585863,128.767489,76.8,1
E0016096,T00185,2,GLV-T11,2026-06-22 09:16:50,급감속,35.54205,128.792285,76.1,1
E0016097,T00185,2,GLV-T11,2026-06-22 09:28:50,급감속,35.412124,128.796961,72.2,1
E0016098,T00185,2,GLV-T11,2026-06-22 09:30:10,급감속,35.403622,128.812526,78.4,1
E0016099,T00185,2,GLV-T11,2026-06-22 09:37:50,급가속,35.358358,128.895998,77.8,1
E0016100,T00185,2,GLV-T11,2026-06-22 09:40:40,급감속,35.343635,128.929056,86.8,1
E0016101,T00185,2,GLV-T11,2026-06-22 09:47:40,급가속,35.281815,128.984992,80.4,1
E0016102,T00185,2,GLV-T11,2026-06-22 09:55:00,급정지,35.228452,128.938747,29.3,1
E0016103,T00185,2,GLV-T11,2026-06-22 09:55:20,급가속,35.227572,128.937006,29.9,1
E0016104,T00185,2,GLV-T11,2026-06-22 09:55:40,급감속,35.226325,128.935472,45.5,1
E0016105,T00185,2,GLV-T11,2026-06-22 09:57:00,급정지,35.221384,128.929172,45.4,1
E0016106,T00185,2,GLV-T11,2026-06-22 10:02:00,급정지,35.179382,128.901041,72.5,1
E0016107,T00185,2,GLV-T11,2026-06-22 10:08:50,급감속,35.119455,128.846703,62.3,1
E0016108,T00185,2,GLV-T11,2026-06-22 10:12:10,급감속,35.096957,128.834493,19.8,1
E0016109,T00185,2,GLV-T11,2026-06-22 10:12:10,급감속,35.096911,128.834601,23.3,1
E0016110,T00185,2,GLV-T11,2026-06-22 10:12:30,급감속,35.095696,128.834538,25.9,1
E0016111,T00185,2,GLV-T11,2026-06-22 10:12:50,급감속,35.094604,128.834577,25.3,1
E0016112,T00185,2,GLV-T11,2026-06-22 10:13:50,급정지,35.092083,128.834577,6,1
E0016113,T00185,2,GLV-T11,2026-06-22 10:14:20,급정지,35.091493,128.834477,6,1
E0016114,T00185,2,GLV-T11,2026-06-22 10:14:40,급감속,35.09116,128.834594,19.4,1
E0016115,T00186,1,GLV-T11,2026-06-26 06:04:10,급가속,35.694408,129.331862,12,0
E0016116,T00186,1,GLV-T11,2026-06-26 06:06:40,급출발,35.691405,129.330527,15.8,0
E0016117,T00186,1,GLV-T11,2026-06-26 06:07:30,급출발,35.692253,129.327928,25.6,0
E0016118,T00186,1,GLV-T11,2026-06-26 06:08:10,급감속,35.692925,129.324929,41.5,0
E0016119,T00186,1,GLV-T11,2026-06-26 06:21:30,급감속,35.756526,129.202685,72.8,0
E0016120,T00186,1,GLV-T11,2026-06-26 06:24:20,급가속,35.788924,129.202943,79,0
E0016121,T00186,1,GLV-T11,2026-06-26 06:28:30,급가속,35.811737,129.179395,78.5,0
E0016122,T00186,1,GLV-T11,2026-06-26 06:32:40,급감속,35.824639,129.12672,31.5,0
E0016123,T00186,1,GLV-T11,2026-06-26 06:32:50,급감속,35.825141,129.126024,41.5,0
E0016124,T00186,1,GLV-T11,2026-06-26 06:33:10,급정지,35.826373,129.12406,31.1,0
E0016125,T00186,1,GLV-T11,2026-06-26 06:35:10,급가속,35.831212,129.103543,82.9,0
E0016126,T00186,1,GLV-T11,2026-06-26 06:45:30,급정지,35.913584,129.007946,70.9,0
E0016127,T00186,1,GLV-T11,2026-06-26 06:58:50,급가속,35.881585,128.846018,71.1,0
E0016128,T00186,1,GLV-T11,2026-06-26 07:04:10,급출발,35.876068,128.79588,63.9,0
E0016129,T00186,1,GLV-T11,2026-06-26 07:07:10,급정지,35.874975,128.817907,22.7,0
E0016130,T00186,1,GLV-T11,2026-06-26 07:10:40,급감속,35.872559,128.824865,17,0
E0016131,T00186,1,GLV-T11,2026-06-26 07:11:10,급정지,35.871598,128.824981,18.5,0
E0016132,T00186,1,GLV-T11,2026-06-26 07:11:50,급가속,35.87034,128.824862,6,0
E0016133,T00186,2,GLV-T11,2026-06-26 08:01:50,급감속,35.871132,128.824882,27,1
E0016134,T00186,2,GLV-T11,2026-06-26 08:03:50,급출발,35.876439,128.82272,23.6,1
E0016135,T00186,2,GLV-T11,2026-06-26 08:04:10,급출발,35.875997,128.821179,25.3,1
E0016136,T00186,2,GLV-T11,2026-06-26 08:04:30,급가속,35.875469,128.820014,21.3,1
E0016137,T00186,2,GLV-T11,2026-06-26 08:05:30,급출발,35.87477,128.816447,27.3,1
E0016138,T00186,2,GLV-T11,2026-06-26 08:11:30,급감속,35.872008,128.753332,68.4,1
E0016139,T00186,2,GLV-T11,2026-06-26 08:13:20,급가속,35.875573,128.728864,70.4,1
E0016140,T00186,2,GLV-T11,2026-06-26 08:15:00,급정지,35.879041,128.705411,72.6,1
E0016141,T00186,2,GLV-T11,2026-06-26 08:21:00,급감속,35.835721,128.692546,6,1
E0016142,T00186,2,GLV-T11,2026-06-26 08:21:50,급가속,35.833963,128.694854,35.3,1
E0016143,T00186,2,GLV-T11,2026-06-26 08:22:10,급감속,35.832707,128.696917,34.9,1
E0016144,T00186,2,GLV-T11,2026-06-26 08:31:10,급가속,35.747408,128.737257,85.7,1
E0016145,T00186,2,GLV-T11,2026-06-26 08:39:10,급출발,35.655923,128.746003,82.7,1
E0016146,T00186,2,GLV-T11,2026-06-26 08:47:20,급가속,35.566921,128.779856,77.6,1
E0016147,T00186,2,GLV-T11,2026-06-26 08:47:40,급감속,35.563645,128.782433,78,1
E0016148,T00186,2,GLV-T11,2026-06-26 08:51:20,급감속,35.522581,128.795173,84,1
E0016149,T00186,2,GLV-T11,2026-06-26 09:18:10,급가속,35.306261,128.970614,86.5,1
E0016150,T00186,2,GLV-T11,2026-06-26 09:19:20,급가속,35.294558,128.980239,75.4,1
E0016151,T00186,2,GLV-T11,2026-06-26 09:27:50,급정지,35.228036,128.937977,48.1,1
E0016152,T00186,2,GLV-T11,2026-06-26 09:28:20,급감속,35.226143,128.935398,48.8,1
E0016153,T00186,2,GLV-T11,2026-06-26 09:28:20,급감속,35.226211,128.935326,46.6,1
E0016154,T00186,2,GLV-T11,2026-06-26 09:28:40,급가속,35.224396,128.933598,42.9,1
E0016155,T00186,2,GLV-T11,2026-06-26 09:33:00,급감속,35.195413,128.894635,72.4,1
E0016156,T00186,2,GLV-T11,2026-06-26 09:33:30,급가속,35.190445,128.897266,77.1,1
E0016157,T00186,2,GLV-T11,2026-06-26 09:38:40,급감속,35.139261,128.872101,71.8,1
E0016158,T00186,2,GLV-T11,2026-06-26 09:44:00,급감속,35.099418,128.834684,30,1
E0016159,T00186,2,GLV-T11,2026-06-26 09:44:00,급정지,35.099423,128.834589,30.8,1
E0016160,T00186,2,GLV-T11,2026-06-26 09:44:10,급감속,35.098787,128.834533,24.1,1
E0016161,T00186,2,GLV-T11,2026-06-26 09:44:20,급정지,35.09812,128.834588,23,1
E0016162,T00186,2,GLV-T11,2026-06-26 09:47:40,급정지,35.091448,128.834517,20,1
E0016163,T00186,2,GLV-T11,2026-06-26 09:49:10,급감속,35.087946,128.834562,18.8,1
E0016164,T00186,2,GLV-T11,2026-06-26 09:49:30,급정지,35.087088,128.834594,14.8,1
E0016165,T00187,1,GLV-T11,2026-06-30 06:52:40,급출발,35.69533,129.331326,7.5,0
E0016166,T00187,1,GLV-T11,2026-06-30 06:52:50,급가속,35.695063,129.331471,15,0
E0016167,T00187,1,GLV-T11,2026-06-30 06:53:20,급출발,35.694101,129.332004,11.7,0
E0016168,T00187,1,GLV-T11,2026-06-30 06:53:40,급가속,35.693435,129.332181,21.1,0
E0016169,T00187,1,GLV-T11,2026-06-30 06:56:10,급가속,35.692226,129.328017,22,0
E0016170,T00187,1,GLV-T11,2026-06-30 07:01:10,급가속,35.712336,129.291779,74.2,0
E0016171,T00187,1,GLV-T11,2026-06-30 07:10:30,급가속,35.760052,129.203001,76.4,0
E0016172,T00187,1,GLV-T11,2026-06-30 07:11:50,급가속,35.775445,129.200364,78.5,0
E0016173,T00187,1,GLV-T11,2026-06-30 07:22:20,급가속,35.82729,129.122496,46.2,0
E0016174,T00187,1,GLV-T11,2026-06-30 07:22:30,급정지,35.828064,129.121368,38.9,0
E0016175,T00187,1,GLV-T11,2026-06-30 07:37:50,급감속,35.930003,128.971476,71.8,0
E0016176,T00187,1,GLV-T11,2026-06-30 07:41:00,급가속,35.911342,128.934721,83,0
E0016177,T00187,1,GLV-T11,2026-06-30 07:46:50,급감속,35.88477,128.860076,81.9,0
E0016178,T00187,1,GLV-T11,2026-06-30 07:52:30,급가속,35.875789,128.789063,63.8,0
E0016179,T00187,1,GLV-T11,2026-06-30 07:53:10,급감속,35.875996,128.795918,60.7,0
E0016180,T00187,1,GLV-T11,2026-06-30 07:56:20,급가속,35.875118,128.818749,27.7,0
E0016181,T00187,1,GLV-T11,2026-06-30 07:56:20,급가속,35.875163,128.818852,23.5,0
E0016182,T00187,1,GLV-T11,2026-06-30 07:57:10,급가속,35.876338,128.822441,19.5,0
E0016183,T00187,1,GLV-T11,2026-06-30 07:57:20,급가속,35.876391,128.823177,22.3,0
E0016184,T00187,1,GLV-T11,2026-06-30 07:59:50,급정지,35.872701,128.825004,14.3,0
E0016185,T00187,2,GLV-T11,2026-06-30 08:54:40,급출발,35.874846,128.825031,31.7,1
E0016186,T00187,2,GLV-T11,2026-06-30 08:58:20,급출발,35.874636,128.816011,25.3,1
E0016187,T00187,2,GLV-T11,2026-06-30 08:58:20,급가속,35.874679,128.81596,23.3,1
E0016188,T00187,2,GLV-T11,2026-06-30 08:59:00,급출발,35.874646,128.811902,49.2,1
E0016189,T00187,2,GLV-T11,2026-06-30 09:05:40,급감속,35.874709,128.735659,70.7,1
E0016190,T00187,2,GLV-T11,2026-06-30 09:07:00,급감속,35.876619,128.716281,88.5,1
E0016191,T00187,2,GLV-T11,2026-06-30 09:13:10,급가속,35.839041,128.69018,36.8,1
E0016192,T00187,2,GLV-T11,2026-06-30 09:13:30,급가속,35.837135,128.69119,29.2,1
E0016193,T00187,2,GLV-T11,2026-06-30 09:13:40,급가속,35.836511,128.691831,37.5,1
E0016194,T00187,2,GLV-T11,2026-06-30 09:13:50,급정지,35.835731,128.692478,42.7,1
E0016195,T00187,2,GLV-T11,2026-06-30 09:15:30,급가속,35.828258,128.705066,75.2,1
E0016196,T00187,2,GLV-T11,2026-06-30 09:17:10,급감속,35.815434,128.722231,77.4,1
E0016197,T00187,2,GLV-T11,2026-06-30 09:27:30,급감속,35.701766,128.740686,81.9,1
E0016198,T00187,2,GLV-T11,2026-06-30 09:33:40,급가속,35.633059,128.75753,71.2,1
E0016199,T00187,2,GLV-T11,2026-06-30 09:38:20,급가속,35.5825,128.7686,76.5,1
E0016200,T00187,2,GLV-T11,2026-06-30 09:44:20,급감속,35.517689,128.795934,72.6,1
E0016201,T00187,2,GLV-T11,2026-06-30 09:51:20,급가속,35.442358,128.777159,73.1,1
E0016202,T00187,2,GLV-T11,2026-06-30 09:55:50,급가속,35.402713,128.814446,73.9,1
E0016203,T00187,2,GLV-T11,2026-06-30 10:04:50,급가속,35.355424,128.915162,85.8,1
E0016204,T00187,2,GLV-T11,2026-06-30 10:20:40,급가속,35.227552,128.937093,42.4,1
E0016205,T00187,2,GLV-T11,2026-06-30 10:20:40,급감속,35.22756,128.937151,45.6,1
E0016206,T00187,2,GLV-T11,2026-06-30 10:21:00,급감속,35.226207,128.935444,44.2,1
E0016207,T00187,2,GLV-T11,2026-06-30 10:22:00,급감속,35.222587,128.930916,47.4,1
E0016208,T00187,2,GLV-T11,2026-06-30 10:22:20,급정지,35.221212,128.928767,41.7,1
E0016209,T00187,2,GLV-T11,2026-06-30 10:22:30,급가속,35.220629,128.927871,80.1,1
E0016210,T00187,2,GLV-T11,2026-06-30 10:31:50,급감속,35.135785,128.866983,77.4,1
E0016211,T00187,2,GLV-T11,2026-06-30 10:36:50,급출발,35.0983,128.834543,27.6,1
E0016212,T00187,2,GLV-T11,2026-06-30 10:37:20,급출발,35.096174,128.834418,20.4,1
E0016213,T00187,2,GLV-T11,2026-06-30 10:38:00,급정지,35.093941,128.834539,28.9,1
E0016214,T00187,2,GLV-T11,2026-06-30 10:38:00,급감속,35.093937,128.834498,25.9,1
E0016215,T00187,2,GLV-T11,2026-06-30 10:38:10,급감속,35.093199,128.834568,23.9,1
E0016216,T00187,2,GLV-T11,2026-06-30 10:38:20,급감속,35.092612,128.834564,6,1
E0016217,T00187,2,GLV-T11,2026-06-30 10:39:30,급정지,35.090845,128.834595,21.5,1
E0016218,T00187,2,GLV-T11,2026-06-30 10:40:40,급정지,35.088264,128.834501,14.8,1
E0016219,T00188,1,GLV-T11,2026-07-04 08:05:40,급가속,35.691593,129.331808,16.6,0
E0016220,T00188,1,GLV-T11,2026-07-04 08:07:00,급가속,35.691563,129.329943,16.9,0
E0016221,T00188,1,GLV-T11,2026-07-04 08:07:40,급가속,35.692236,129.328502,14.7,0
E0016222,T00188,1,GLV-T11,2026-07-04 08:07:50,급출발,35.692304,129.328103,26.4,0
E0016223,T00188,1,GLV-T11,2026-07-04 08:12:10,급가속,35.710308,129.29733,68,0
E0016224,T00188,1,GLV-T11,2026-07-04 08:22:10,급감속,35.761322,129.203015,68.9,0
E0016225,T00188,1,GLV-T11,2026-07-04 08:23:40,급가속,35.778616,129.200721,75.4,0
E0016226,T00188,1,GLV-T11,2026-07-04 08:32:30,급가속,35.822452,129.130034,39.3,0
E0016227,T00188,1,GLV-T11,2026-07-04 08:32:30,급정지,35.822465,129.130113,39.9,0
E0016228,T00188,1,GLV-T11,2026-07-04 08:47:30,급감속,35.927145,128.994876,87.1,0
E0016229,T00188,1,GLV-T11,2026-07-04 08:48:50,급가속,35.932502,128.977382,84.7,0
E0016230,T00188,1,GLV-T11,2026-07-04 08:51:00,급출발,35.922293,128.949111,71.5,0
E0016231,T00188,1,GLV-T11,2026-07-04 09:03:00,급감속,35.876789,128.795317,90.7,0
E0016232,T00188,1,GLV-T11,2026-07-04 09:03:50,급출발,35.877289,128.788096,76.7,0
E0016233,T00188,1,GLV-T11,2026-07-04 09:07:10,급정지,35.87469,128.815687,54.4,0
E0016234,T00188,1,GLV-T11,2026-07-04 09:08:40,급감속,35.876307,128.822386,27.8,0
E0016235,T00188,1,GLV-T11,2026-07-04 09:08:50,급감속,35.876474,128.823232,27.7,0
E0016236,T00188,1,GLV-T11,2026-07-04 09:09:00,급정지,35.876395,128.823864,6,0
E0016237,T00188,1,GLV-T11,2026-07-04 09:09:50,급가속,35.876229,128.825001,6,0
E0016238,T00188,2,GLV-T11,2026-07-04 10:06:10,급가속,35.875813,128.820799,28.7,1
E0016239,T00188,2,GLV-T11,2026-07-04 10:06:10,급출발,35.875774,128.820847,26.3,1
E0016240,T00188,2,GLV-T11,2026-07-04 10:07:20,급가속,35.874693,128.816292,22.5,1
E0016241,T00188,2,GLV-T11,2026-07-04 10:09:10,급감속,35.876048,128.802479,61,1
E0016242,T00188,2,GLV-T11,2026-07-04 10:16:40,급출발,35.877281,128.710283,76.9,1
E0016243,T00188,2,GLV-T11,2026-07-04 10:18:40,급가속,35.881588,128.688274,84.7,1
E0016244,T00188,2,GLV-T11,2026-07-04 10:20:40,급감속,35.858736,128.687132,74.5,1
E0016245,T00188,2,GLV-T11,2026-07-04 10:23:50,급감속,35.833263,128.695996,46,1
E0016246,T00188,2,GLV-T11,2026-07-04 10:24:00,급가속,35.83258,128.697166,52,1
E0016247,T00188,2,GLV-T11,2026-07-04 10:24:00,급가속,35.832565,128.697207,55.3,1
E0016248,T00188,2,GLV-T11,2026-07-04 10:24:10,급감속,35.831926,128.698396,44.1,1
E0016249,T00188,2,GLV-T11,2026-07-04 10:26:50,급감속,35.812629,128.72575,73.8,1
E0016250,T00188,2,GLV-T11,2026-07-04 10:33:30,급가속,35.737971,128.736456,71.7,1
E0016251,T00188,2,GLV-T11,2026-07-04 10:34:10,급감속,35.730208,128.737631,76.2,1
E0016252,T00188,2,GLV-T11,2026-07-04 10:36:50,급감속,35.700063,128.740248,80.2,1
E0016253,T00188,2,GLV-T11,2026-07-04 10:38:40,급정지,35.679592,128.744496,82.9,1
E0016254,T00188,2,GLV-T11,2026-07-04 10:50:30,급감속,35.551972,128.789818,73.3,1
E0016255,T00188,2,GLV-T11,2026-07-04 11:07:00,급가속,35.38667,128.839237,78.8,1
E0016256,T00188,2,GLV-T11,2026-07-04 11:26:40,급가속,35.23002,128.975637,81.4,1
E0016257,T00188,2,GLV-T11,2026-07-04 11:27:10,급감속,35.229045,128.968378,76.5,1
E0016258,T00188,2,GLV-T11,2026-07-04 11:29:10,급감속,35.228927,128.940083,78.5,1
E0016259,T00188,2,GLV-T11,2026-07-04 11:29:30,급감속,35.227533,128.937047,40,1
E0016260,T00188,2,GLV-T11,2026-07-04 11:30:10,급정지,35.225341,128.934589,52.5,1
E0016261,T00188,2,GLV-T11,2026-07-04 11:30:10,급가속,35.225393,128.934518,57.6,1
E0016262,T00188,2,GLV-T11,2026-07-04 11:31:20,급출발,35.22053,128.927435,82.9,1
E0016263,T00188,2,GLV-T11,2026-07-04 11:33:00,급가속,35.212066,128.907168,82.3,1
E0016264,T00188,2,GLV-T11,2026-07-04 11:33:10,급가속,35.210374,128.906023,76.5,1
E0016265,T00188,2,GLV-T11,2026-07-04 11:45:50,급감속,35.098188,128.834433,22.6,1
E0016266,T00188,2,GLV-T11,2026-07-04 11:46:30,급출발,35.095732,128.83448,20.5,1
E0016267,T00188,2,GLV-T11,2026-07-04 11:47:20,급감속,35.093798,128.834472,25.8,1
E0016268,T00188,2,GLV-T11,2026-07-04 11:48:00,급정지,35.092103,128.834508,20.7,1
E0016269,T00188,2,GLV-T11,2026-07-04 11:48:10,급가속,35.091615,128.834463,22.7,1
E0016270,T00188,2,GLV-T11,2026-07-04 11:48:20,급출발,35.091066,128.834596,17,1
E0016271,T00188,2,GLV-T11,2026-07-04 11:49:20,급정지,35.088435,128.834622,14.1,1
E0016272,T00189,1,GLV-T11,2026-07-08 06:35:50,급가속,35.692278,129.331956,14.6,0
E0016273,T00189,1,GLV-T11,2026-07-08 06:36:00,급출발,35.692003,129.331784,6,0
E0016274,T00189,1,GLV-T11,2026-07-08 06:38:20,급출발,35.692456,129.32721,24.8,0
E0016275,T00189,1,GLV-T11,2026-07-08 06:40:00,급감속,35.695107,129.314116,54.7,0
E0016276,T00189,1,GLV-T11,2026-07-08 06:50:00,급정지,35.742764,129.213618,83.8,0
E0016277,T00189,1,GLV-T11,2026-07-08 07:03:10,급감속,35.824097,129.127493,44,0
E0016278,T00189,1,GLV-T11,2026-07-08 07:03:10,급감속,35.824216,129.127381,44.3,0
E0016279,T00189,1,GLV-T11,2026-07-08 07:04:20,급정지,35.828879,129.119914,41.6,0
E0016280,T00189,1,GLV-T11,2026-07-08 07:06:20,급가속,35.834969,129.095293,67.8,0
E0016281,T00189,1,GLV-T11,2026-07-08 07:13:10,급가속,35.892414,129.033472,76.4,0
E0016282,T00189,1,GLV-T11,2026-07-08 07:24:00,급감속,35.902245,128.922174,70,0
E0016283,T00189,1,GLV-T11,2026-07-08 07:26:00,급감속,35.898436,128.895036,76.4,0
E0016284,T00189,1,GLV-T11,2026-07-08 07:37:50,급정지,35.874846,128.816722,19.8,0
E0016285,T00189,1,GLV-T11,2026-07-08 07:38:00,급정지,35.874994,128.817573,26.2,0
E0016286,T00189,1,GLV-T11,2026-07-08 07:38:40,급감속,35.875699,128.82055,23,0
E0016287,T00189,1,GLV-T11,2026-07-08 07:39:30,급가속,35.876375,128.823374,6,0
E0016288,T00189,1,GLV-T11,2026-07-08 07:39:50,급정지,35.876564,128.824139,6,0
E0016289,T00189,1,GLV-T11,2026-07-08 07:40:40,급정지,35.875743,128.824897,20.5,0
E0016290,T00189,2,GLV-T11,2026-07-08 08:31:00,급가속,35.876465,128.824384,20,1
E0016291,T00189,2,GLV-T11,2026-07-08 08:31:30,급감속,35.876406,128.822513,24,1
E0016292,T00189,2,GLV-T11,2026-07-08 08:33:30,급출발,35.874461,128.814631,18.6,1
E0016293,T00189,2,GLV-T11,2026-07-08 08:48:00,급가속,35.840213,128.689855,43.7,1
E0016294,T00189,2,GLV-T11,2026-07-08 08:48:30,급감속,35.837269,128.691249,46.2,1
E0016295,T00189,2,GLV-T11,2026-07-08 08:48:40,급가속,35.836213,128.692047,50.9,1
E0016296,T00189,2,GLV-T11,2026-07-08 08:49:20,급가속,35.833317,128.696026,50.1,1
E0016297,T00189,2,GLV-T11,2026-07-08 08:53:20,급감속,35.803631,128.731354,80.1,1
E0016298,T00189,2,GLV-T11,2026-07-08 08:54:00,급감속,35.796019,128.733419,84.7,1
E0016299,T00189,2,GLV-T11,2026-07-08 09:04:40,급출발,35.674809,128.74509,74.6,1
E0016300,T00189,2,GLV-T11,2026-07-08 09:13:40,급가속,35.57577,128.773131,71.4,1
E0016301,T00189,2,GLV-T11,2026-07-08 09:28:00,급가속,35.419918,128.789815,69.2,1
E0016302,T00189,2,GLV-T11,2026-07-08 09:36:10,급가속,35.358218,128.874259,85.3,1
E0016303,T00189,2,GLV-T11,2026-07-08 09:41:50,급정지,35.332066,128.936038,76.7,1
E0016304,T00189,2,GLV-T11,2026-07-08 09:43:40,급가속,35.317102,128.950394,75,1
E0016305,T00189,2,GLV-T11,2026-07-08 09:43:40,급감속,35.316967,128.950393,75.4,1
E0016306,T00189,2,GLV-T11,2026-07-08 09:44:20,급감속,35.315123,128.959241,82.5,1
E0016307,T00189,2,GLV-T11,2026-07-08 09:55:40,급감속,35.226106,128.935374,44.7,1
E0016308,T00189,2,GLV-T11,2026-07-08 09:55:40,급감속,35.226153,128.935397,41.4,1
E0016309,T00189,2,GLV-T11,2026-07-08 09:56:10,급가속,35.223903,128.932774,6,1
E0016310,T00189,2,GLV-T11,2026-07-08 09:56:30,급가속,35.223228,128.931842,35.4,1
E0016311,T00189,2,GLV-T11,2026-07-08 09:56:50,급감속,35.222096,128.930213,44.2,1
E0016312,T00189,2,GLV-T11,2026-07-08 09:59:00,급감속,35.211605,128.906788,76.7,1
E0016313,T00189,2,GLV-T11,2026-07-08 10:06:00,급감속,35.141893,128.874446,81,1
E0016314,T00189,2,GLV-T11,2026-07-08 10:12:00,급감속,35.098156,128.834487,28.8,1
E0016315,T00189,2,GLV-T11,2026-07-08 10:13:10,급감속,35.094026,128.834621,23.7,1
E0016316,T00189,2,GLV-T11,2026-07-08 10:13:40,급감속,35.092971,128.834474,6,1
E0016317,T00189,2,GLV-T11,2026-07-08 10:14:50,급감속,35.089977,128.83452,18.7,1
E0016318,T00189,2,GLV-T11,2026-07-08 10:14:50,급출발,35.089844,128.834632,18,1
E0016319,T00189,2,GLV-T11,2026-07-08 10:15:00,급출발,35.089401,128.834601,20.9,1
E0016320,T00189,2,GLV-T11,2026-07-08 10:15:10,급정지,35.088978,128.834488,15.3,1
E0016321,T00190,1,GLV-T11,2026-07-12 08:23:00,급가속,35.695782,129.331458,12.8,0
E0016322,T00190,1,GLV-T11,2026-07-12 08:23:10,급출발,35.695564,129.331232,16.6,0
E0016323,T00190,1,GLV-T11,2026-07-12 08:26:40,급출발,35.691392,129.330692,6,0
E0016324,T00190,1,GLV-T11,2026-07-12 08:26:40,급감속,35.691269,129.330667,6,0
E0016325,T00190,1,GLV-T11,2026-07-12 08:27:10,급출발,35.691665,129.329832,17.7,0
E0016326,T00190,1,GLV-T11,2026-07-12 08:29:30,급가속,35.695056,129.314801,53.9,0
E0016327,T00190,1,GLV-T11,2026-07-12 08:30:00,급감속,35.695762,129.31022,57.2,0
E0016328,T00190,1,GLV-T11,2026-07-12 08:31:40,급감속,35.707196,129.300284,65.1,0
E0016329,T00190,1,GLV-T11,2026-07-12 08:36:30,급감속,35.719623,129.237462,71.9,0
E0016330,T00190,1,GLV-T11,2026-07-12 08:37:30,급감속,35.730979,129.235145,74,0
E0016331,T00190,1,GLV-T11,2026-07-12 08:46:40,급가속,35.814524,129.202297,83,0
E0016332,T00190,1,GLV-T11,2026-07-12 08:53:40,급정지,35.828368,129.120812,44.6,0
E0016333,T00190,1,GLV-T11,2026-07-12 08:53:40,급가속,35.828268,129.120738,49.2,0
E0016334,T00190,1,GLV-T11,2026-07-12 09:01:30,급가속,35.887758,129.047706,78.2,0
E0016335,T00190,1,GLV-T11,2026-07-12 09:19:30,급감속,35.879995,128.839451,75.6,0
E0016336,T00190,1,GLV-T11,2026-07-12 09:22:40,급가속,35.876833,128.795393,77.7,0
E0016337,T00190,1,GLV-T11,2026-07-12 09:28:50,급감속,35.876495,128.823701,6,0
E0016338,T00190,1,GLV-T11,2026-07-12 09:28:50,급가속,35.876492,128.823712,6,0
E0016339,T00190,1,GLV-T11,2026-07-12 09:29:10,급감속,35.876494,128.824291,19.9,0
E0016340,T00190,1,GLV-T11,2026-07-12 09:31:20,급가속,35.87251,128.824949,12,0
E0016341,T00190,2,GLV-T11,2026-07-12 10:19:40,급가속,35.876532,128.823266,27.5,1
E0016342,T00190,2,GLV-T11,2026-07-12 10:20:50,급출발,35.875087,128.81891,22.3,1
E0016343,T00190,2,GLV-T11,2026-07-12 10:21:20,급출발,35.874888,128.817217,26.4,1
E0016344,T00190,2,GLV-T11,2026-07-12 10:21:20,급출발,35.874813,128.817216,32,1
E0016345,T00190,2,GLV-T11,2026-07-12 10:26:40,급감속,35.877519,128.766202,81.9,1
E0016346,T00190,2,GLV-T11,2026-07-12 10:36:30,급감속,35.840529,128.689652,43.8,1
E0016347,T00190,2,GLV-T11,2026-07-12 10:37:10,급감속,35.836776,128.691419,39.6,1
E0016348,T00190,2,GLV-T11,2026-07-12 10:39:30,급감속,35.825972,128.708818,81.2,1
E0016349,T00190,2,GLV-T11,2026-07-12 10:44:20,급가속,35.777675,128.734599,69.4,1
E0016350,T00190,2,GLV-T11,2026-07-12 10:45:10,급가속,35.769141,128.73019,82,1
E0016351,T00190,2,GLV-T11,2026-07-12 10:48:30,급출발,35.731166,128.73735,76.5,1
E0016352,T00190,2,GLV-T11,2026-07-12 10:53:40,급가속,35.671348,128.745356,81.9,1
E0016353,T00190,2,GLV-T11,2026-07-12 11:04:50,급감속,35.550695,128.790225,82.6,1
E0016354,T00190,2,GLV-T11,2026-07-12 11:06:10,급가속,35.535551,128.793163,75.8,1
E0016355,T00190,2,GLV-T11,2026-07-12 11:13:40,급가속,35.453608,128.773104,76.9,1
E0016356,T00190,2,GLV-T11,2026-07-12 11:25:50,급가속,35.356638,128.885698,91,1
E0016357,T00190,2,GLV-T11,2026-07-12 11:26:30,급가속,35.35822,128.895459,69.1,1
E0016358,T00190,2,GLV-T11,2026-07-12 11:28:30,급감속,35.351851,128.919952,77.6,1
E0016359,T00190,2,GLV-T11,2026-07-12 11:29:20,급감속,35.344936,128.927755,81.1,1
E0016360,T00190,2,GLV-T11,2026-07-12 11:33:30,급감속,35.312859,128.964251,71.8,1
E0016361,T00190,2,GLV-T11,2026-07-12 11:43:50,급감속,35.22873,128.939511,40.9,1
E0016362,T00190,2,GLV-T11,2026-07-12 11:44:20,급가속,35.22673,128.93621,38.9,1
E0016363,T00190,2,GLV-T11,2026-07-12 11:44:30,급감속,35.225976,128.935374,6,1
E0016364,T00190,2,GLV-T11,2026-07-12 11:44:30,급감속,35.226092,128.935322,6,1
E0016365,T00190,2,GLV-T11,2026-07-12 11:45:20,급감속,35.223997,128.933043,37.1,1
E0016366,T00190,2,GLV-T11,2026-07-12 11:48:10,급가속,35.209981,128.905691,76.3,1
E0016367,T00190,2,GLV-T11,2026-07-12 11:52:40,급감속,35.164162,128.893671,69.6,1
E0016368,T00190,2,GLV-T11,2026-07-12 11:54:20,급가속,35.150245,128.879704,86.8,1
E0016369,T00190,2,GLV-T11,2026-07-12 12:03:10,급감속,35.09256,128.834475,17.2,1
E0016370,T00190,2,GLV-T11,2026-07-12 12:03:20,급감속,35.092103,128.834451,13.9,1
E0016371,T00190,2,GLV-T11,2026-07-12 12:03:40,급출발,35.091175,128.834559,6,1
E0016372,T00190,2,GLV-T11,2026-07-12 12:05:00,급감속,35.088921,128.834571,6,1
E0016373,T00190,2,GLV-T11,2026-07-12 12:05:20,급감속,35.088497,128.834497,22.7,1
E0016374,T00190,2,GLV-T11,2026-07-12 12:05:50,급출발,35.087308,128.834702,21.9,1
E0016375,T00191,1,GLV-T11,2026-07-16 08:33:20,급출발,35.696144,129.332115,9.7,0
E0016376,T00191,1,GLV-T11,2026-07-16 08:35:30,급가속,35.692703,129.332155,6,0
E0016377,T00191,1,GLV-T11,2026-07-16 08:37:00,급감속,35.691262,129.330909,21.3,0
E0016378,T00191,1,GLV-T11,2026-07-16 08:37:40,급출발,35.692036,129.328918,20.9,0
E0016379,T00191,1,GLV-T11,2026-07-16 08:55:10,급감속,35.794212,129.202856,90.2,0
E0016380,T00191,1,GLV-T11,2026-07-16 09:02:00,급가속,35.81851,129.138739,76.3,0
E0016381,T00191,1,GLV-T11,2026-07-16 09:03:00,급감속,35.823509,129.128508,41.4,0
E0016382,T00191,1,GLV-T11,2026-07-16 09:03:40,급감속,35.825941,129.12462,45.1,0
E0016383,T00191,1,GLV-T11,2026-07-16 09:04:10,급감속,35.82782,129.121877,31,0
E0016384,T00191,1,GLV-T11,2026-07-16 09:05:00,급가속,35.830262,129.115897,76.9,0
E0016385,T00191,1,GLV-T11,2026-07-16 09:10:30,급가속,35.871404,129.062322,87.4,0
E0016386,T00191,1,GLV-T11,2026-07-16 09:27:20,급정지,35.890237,128.879763,78.8,0
E0016387,T00191,1,GLV-T11,2026-07-16 09:37:30,급가속,35.874705,128.815742,47.7,0
E0016388,T00191,1,GLV-T11,2026-07-16 09:38:00,급정지,35.875195,128.818862,24.4,0
E0016389,T00191,1,GLV-T11,2026-07-16 09:41:00,급정지,35.873863,128.824978,16.4,0
E0016390,T00191,1,GLV-T11,2026-07-16 09:41:20,급정지,35.873082,128.824884,12.3,0
E0016391,T00191,1,GLV-T11,2026-07-16 09:42:00,급정지,35.871643,128.824967,11.7,0
E0016392,T00191,1,GLV-T11,2026-07-16 09:42:00,급감속,35.871487,128.82483,16.6,0
E0016393,T00191,2,GLV-T11,2026-07-16 10:35:30,급가속,35.87188,128.82486,27.8,1
E0016394,T00191,2,GLV-T11,2026-07-16 10:36:50,급가속,35.876529,128.824813,17.6,1
E0016395,T00191,2,GLV-T11,2026-07-16 10:38:40,급출발,35.87491,128.817431,31.7,1
E0016396,T00191,2,GLV-T11,2026-07-16 10:39:10,급출발,35.874576,128.815087,30.1,1
E0016397,T00191,2,GLV-T11,2026-07-16 10:40:20,급정지,35.876167,128.805654,48.7,1
E0016398,T00191,2,GLV-T11,2026-07-16 10:51:50,급가속,35.860609,128.686887,84.9,1
E0016399,T00191,2,GLV-T11,2026-07-16 10:52:30,급가속,35.852424,128.687858,75.4,1
E0016400,T00191,2,GLV-T11,2026-07-16 10:53:40,급가속,35.840282,128.689678,45,1
E0016401,T00191,2,GLV-T11,2026-07-16 10:55:00,급감속,35.834079,128.694445,36.1,1
E0016402,T00191,2,GLV-T11,2026-07-16 10:55:30,급가속,35.83231,128.697658,40.3,1
E0016403,T00191,2,GLV-T11,2026-07-16 11:06:00,급감속,35.728705,128.738177,80,1
E0016404,T00191,2,GLV-T11,2026-07-16 11:13:50,급감속,35.639587,128.75104,83.7,1
E0016405,T00191,2,GLV-T11,2026-07-16 11:33:50,급감속,35.423288,128.786833,83.9,1
E0016406,T00191,2,GLV-T11,2026-07-16 11:39:20,급가속,35.381943,128.843636,80.8,1
E0016407,T00191,2,GLV-T11,2026-07-16 11:46:00,급출발,35.351467,128.920432,78.5,1
E0016408,T00191,2,GLV-T11,2026-07-16 11:48:10,급가속,35.329709,128.936396,76.2,1
E0016409,T00191,2,GLV-T11,2026-07-16 11:51:50,급감속,35.303863,128.972678,71.9,1
E0016410,T00191,2,GLV-T11,2026-07-16 11:54:50,급가속,35.271331,128.983262,77.1,1
E0016411,T00191,2,GLV-T11,2026-07-16 12:01:40,급정지,35.227035,128.93655,42.3,1
E0016412,T00191,2,GLV-T11,2026-07-16 12:02:00,급감속,35.225779,128.935053,37.2,1
E0016413,T00191,2,GLV-T11,2026-07-16 12:02:20,급감속,35.22427,128.93329,45.2,1
E0016414,T00191,2,GLV-T11,2026-07-16 12:02:20,급감속,35.224163,128.933326,49.6,1
E0016415,T00191,2,GLV-T11,2026-07-16 12:04:10,급가속,35.217249,128.915852,77.5,1
E0016416,T00191,2,GLV-T11,2026-07-16 12:17:30,급감속,35.10001,128.834706,48.4,1
E0016417,T00191,2,GLV-T11,2026-07-16 12:17:50,급출발,35.098203,128.834485,24,1
E0016418,T00191,2,GLV-T11,2026-07-16 12:20:10,급출발,35.092164,128.834602,12,1
E0016419,T00191,2,GLV-T11,2026-07-16 12:21:20,급정지,35.090377,128.834481,6,1
E0016420,T00191,2,GLV-T11,2026-07-16 12:21:20,급감속,35.090237,128.834521,6,1
E0016421,T00191,2,GLV-T11,2026-07-16 12:21:40,급감속,35.089918,128.83452,17.6,1
E0016422,T00191,2,GLV-T11,2026-07-16 12:22:00,급감속,35.088914,128.834581,18.8,1
E0016423,T00192,1,GLV-T11,2026-07-20 06:44:50,급출발,35.692521,129.332039,15.1,0
E0016424,T00192,1,GLV-T11,2026-07-20 06:45:40,급가속,35.691445,129.330423,23.1,0
E0016425,T00192,1,GLV-T11,2026-07-20 06:46:20,급출발,35.692264,129.328146,17.9,0
E0016426,T00192,1,GLV-T11,2026-07-20 06:46:50,급가속,35.692769,129.326022,6,0
E0016427,T00192,1,GLV-T11,2026-07-20 06:49:00,급감속,35.695962,129.309603,56.9,0
E0016428,T00192,1,GLV-T11,2026-07-20 06:54:20,급출발,35.712853,129.251213,73.9,0
E0016429,T00192,1,GLV-T11,2026-07-20 07:00:20,급출발,35.752547,129.20253,81,0
E0016430,T00192,1,GLV-T11,2026-07-20 07:12:10,급가속,35.825353,129.125732,51.5,0
E0016431,T00192,1,GLV-T11,2026-07-20 07:12:20,급정지,35.826016,129.124582,48.4,0
E0016432,T00192,1,GLV-T11,2026-07-20 07:17:30,급가속,35.856956,129.079552,78.2,0
E0016433,T00192,1,GLV-T11,2026-07-20 07:31:40,급가속,35.911277,128.934622,77.4,0
E0016434,T00192,1,GLV-T11,2026-07-20 07:40:20,급가속,35.877108,128.820921,79.9,0
E0016435,T00192,1,GLV-T11,2026-07-20 07:41:20,급감속,35.877777,128.806687,72.2,0
E0016436,T00192,1,GLV-T11,2026-07-20 07:43:40,급가속,35.876235,128.795061,65.9,0
E0016437,T00192,1,GLV-T11,2026-07-20 07:47:00,급감속,35.875288,128.819103,28.3,0
E0016438,T00192,1,GLV-T11,2026-07-20 07:47:10,급감속,35.875576,128.820031,25.7,0
E0016439,T00192,1,GLV-T11,2026-07-20 07:48:20,급정지,35.876542,128.82382,17.1,0
E0016440,T00192,1,GLV-T11,2026-07-20 07:49:20,급가속,35.875803,128.824877,11.9,0
E0016441,T00192,2,GLV-T11,2026-07-20 08:44:50,급출발,35.87589,128.824931,15.9,1
E0016442,T00192,2,GLV-T11,2026-07-20 08:44:50,급출발,35.87591,128.824864,15.6,1
E0016443,T00192,2,GLV-T11,2026-07-20 08:47:30,급출발,35.875264,128.819092,27.9,1
E0016444,T00192,2,GLV-T11,2026-07-20 08:54:30,급가속,35.870887,128.750218,78.6,1
E0016445,T00192,2,GLV-T11,2026-07-20 09:03:20,급감속,35.838253,128.690477,43.3,1
E0016446,T00192,2,GLV-T11,2026-07-20 09:03:30,급감속,35.837277,128.691086,44.9,1
E0016447,T00192,2,GLV-T11,2026-07-20 09:04:40,급가속,35.832912,128.696713,37.4,1
E0016448,T00192,2,GLV-T11,2026-07-20 09:07:40,급감속,35.81301,128.725305,78.3,1
E0016449,T00192,2,GLV-T11,2026-07-20 09:18:20,급감속,35.693861,128.739198,73.7,1
E0016450,T00192,2,GLV-T11,2026-07-20 09:25:10,급감속,35.617548,128.765493,77.7,1
E0016451,T00192,2,GLV-T11,2026-07-20 09:28:00,급가속,35.585478,128.767538,76.5,1
E0016452,T00192,2,GLV-T11,2026-07-20 09:34:50,급감속,35.511519,128.796855,77.1,1
E0016453,T00192,2,GLV-T11,2026-07-20 09:38:30,급감속,35.474394,128.774018,76.2,1
E0016454,T00192,2,GLV-T11,2026-07-20 09:49:30,급출발,35.372053,128.851605,69.1,1
E0016455,T00192,2,GLV-T11,2026-07-20 09:57:20,급가속,35.330626,128.936262,79,1
E0016456,T00192,2,GLV-T11,2026-07-20 10:01:10,급가속,35.302795,128.973545,77.7,1
E0016457,T00192,2,GLV-T11,2026-07-20 10:10:30,급가속,35.228006,128.937833,51.2,1
E0016458,T00192,2,GLV-T11,2026-07-20 10:10:30,급감속,35.227959,128.937771,51.9,1
E0016459,T00192,2,GLV-T11,2026-07-20 10:11:50,급감속,35.222526,128.930892,38.3,1
E0016460,T00192,2,GLV-T11,2026-07-20 10:20:40,급감속,35.145288,128.87636,73,1
E0016461,T00192,2,GLV-T11,2026-07-20 10:23:50,급감속,35.119211,128.846389,59.5,1
E0016462,T00192,2,GLV-T11,2026-07-20 10:27:40,급출발,35.094853,128.834613,28.4,1
E0016463,T00192,2,GLV-T11,2026-07-20 10:27:50,급정지,35.094077,128.834568,19.2,1
E0016464,T00192,2,GLV-T11,2026-07-20 10:29:10,급감속,35.091032,128.834483,20.1,1
E0016465,T00192,2,GLV-T11,2026-07-20 10:29:40,급감속,35.089782,128.834587,6,1
E0016466,T00192,2,GLV-T11,2026-07-20 10:30:10,급정지,35.088754,128.834598,6,1
E0016467,T00192,2,GLV-T11,2026-07-20 10:30:10,급감속,35.088671,128.834559,6,1
E0016468,T00192,2,GLV-T11,2026-07-20 10:30:30,급가속,35.088322,128.834554,15.7,1
E0016469,T00192,2,GLV-T11,2026-07-20 10:30:50,급감속,35.087374,128.834679,10.6,1
E0016470,T00193,1,GLV-T11,2026-07-24 07:24:10,급출발,35.696123,129.33211,12.2,0
E0016471,T00193,1,GLV-T11,2026-07-24 07:26:00,급출발,35.693792,129.332104,13.8,0
E0016472,T00193,1,GLV-T11,2026-07-24 07:28:40,급가속,35.692416,129.327894,6,0
E0016473,T00193,1,GLV-T11,2026-07-24 07:38:00,급감속,35.721944,129.236897,80.7,0
E0016474,T00193,1,GLV-T11,2026-07-24 07:43:00,급감속,35.758261,129.202816,77.3,0
E0016475,T00193,1,GLV-T11,2026-07-24 07:49:30,급가속,35.809187,129.183748,80.8,0
E0016476,T00193,1,GLV-T11,2026-07-24 07:53:30,급감속,35.822357,129.130307,45.3,0
E0016477,T00193,1,GLV-T11,2026-07-24 07:53:50,급감속,35.823533,129.128414,31.3,0
E0016478,T00193,1,GLV-T11,2026-07-24 07:55:10,급감속,35.828635,129.120352,42.2,0
E0016479,T00193,1,GLV-T11,2026-07-24 07:57:10,급가속,35.834369,129.096504,85.3,0
E0016480,T00193,1,GLV-T11,2026-07-24 08:02:30,급가속,35.884585,129.051318,86.6,0
E0016481,T00193,1,GLV-T11,2026-07-24 08:03:20,급감속,35.890359,129.041399,85,0
E0016482,T00193,1,GLV-T11,2026-07-24 08:13:10,급가속,35.914505,128.937208,84.7,0
E0016483,T00193,1,GLV-T11,2026-07-24 08:28:50,급감속,35.875377,128.819517,30,0
E0016484,T00193,1,GLV-T11,2026-07-24 08:31:20,급정지,35.873831,128.824872,6,0
E0016485,T00193,1,GLV-T11,2026-07-24 08:32:20,급감속,35.871837,128.824934,6,0
E0016486,T00193,1,GLV-T11,2026-07-24 08:32:40,급정지,35.871452,128.824834,14.1,0
E0016487,T00193,1,GLV-T11,2026-07-24 08:32:50,급감속,35.871083,128.824856,11,0
E0016488,T00193,1,GLV-T11,2026-07-24 08:33:00,급정지,35.870719,128.824891,18.5,0
E0016489,T00193,2,GLV-T11,2026-07-24 09:30:10,급출발,35.876568,128.82429,20,1
E0016490,T00193,2,GLV-T11,2026-07-24 09:31:00,급출발,35.876157,128.821661,22.1,1
E0016491,T00193,2,GLV-T11,2026-07-24 09:31:50,급출발,35.875041,128.818256,6,1
E0016492,T00193,2,GLV-T11,2026-07-24 09:32:40,급가속,35.874772,128.816225,23.5,1
E0016493,T00193,2,GLV-T11,2026-07-24 09:46:40,급감속,35.852125,128.687896,71.6,1
E0016494,T00193,2,GLV-T11,2026-07-24 09:48:20,급가속,35.836975,128.691259,40.8,1
E0016495,T00193,2,GLV-T11,2026-07-24 09:49:00,급감속,35.833986,128.694596,45.7,1
E0016496,T00193,2,GLV-T11,2026-07-24 09:49:20,급감속,35.832817,128.696873,37.5,1
E0016497,T00193,2,GLV-T11,2026-07-24 09:49:50,급감속,35.831008,128.700175,50.7,1
E0016498,T00193,2,GLV-T11,2026-07-24 09:50:20,급가속,35.828139,128.705298,70.6,1
E0016499,T00193,2,GLV-T11,2026-07-24 09:53:30,급출발,35.800304,128.732132,78.8,1
E0016500,T00193,2,GLV-T11,2026-07-24 10:00:50,급감속,35.717524,128.742144,85.2,1
E0016501,T00193,2,GLV-T11,2026-07-24 10:06:50,급출발,35.65023,128.749306,80.3,1
E0016502,T00193,2,GLV-T11,2026-07-24 10:07:40,급감속,35.640461,128.750677,74.8,1
E0016503,T00193,2,GLV-T11,2026-07-24 10:15:40,급가속,35.55556,128.787958,72.8,1
E0016504,T00193,2,GLV-T11,2026-07-24 10:27:50,급가속,35.42163,128.788196,79.2,1
E0016505,T00193,2,GLV-T11,2026-07-24 10:48:00,급감속,35.278716,128.984973,73.5,1
E0016506,T00193,2,GLV-T11,2026-07-24 10:55:00,급가속,35.228208,128.93844,37.1,1
E0016507,T00193,2,GLV-T11,2026-07-24 10:55:30,급감속,35.226272,128.935499,32.6,1
E0016508,T00193,2,GLV-T11,2026-07-24 10:55:50,급감속,35.224777,128.933878,40.3,1
E0016509,T00193,2,GLV-T11,2026-07-24 10:56:10,급감속,35.223539,128.932114,34.7,1
E0016510,T00193,2,GLV-T11,2026-07-24 11:11:30,급감속,35.099437,128.83466,51.3,1
E0016511,T00193,2,GLV-T11,2026-07-24 11:11:50,급가속,35.097702,128.834538,25.1,1
E0016512,T00193,2,GLV-T11,2026-07-24 11:12:30,급정지,35.095383,128.834602,6,1
E0016513,T00193,2,GLV-T11,2026-07-24 11:14:10,급정지,35.091471,128.834442,16.6,1
E0016514,T00193,2,GLV-T11,2026-07-24 11:14:30,급감속,35.09065,128.834546,21.8,1
E0016515,T00193,2,GLV-T11,2026-07-24 11:14:50,급감속,35.089741,128.834511,16.7,1
E0016516,T00193,2,GLV-T11,2026-07-24 11:15:00,급감속,35.089353,128.834474,20.8,1
E0016517,T00193,2,GLV-T11,2026-07-24 11:15:00,급감속,35.089456,128.834567,20,1
E0016518,T00193,2,GLV-T11,2026-07-24 11:15:10,급정지,35.088901,128.834491,16.8,1
