vehicle_id,note
GLV-T01,정답표 — 앱/빌드 스크립트 어디서도 로드 금지 (csv.mjs FORBIDDEN 가드 대상)
GLV-T02,정답표 — 앱/빌드 스크립트 어디서도 로드 금지 (csv.mjs FORBIDDEN 가드 대상)
GLV-T03,정답표 — 앱/빌드 스크립트 어디서도 로드 금지 (csv.mjs FORBIDDEN 가드 대상)
GLV-T04,정답표 — 앱/빌드 스크립트 어디서도 로드 금지 (csv.mjs FORBIDDEN 가드 대상)
GLV-T05,정답표 — 앱/빌드 스크립트 어디서도 로드 금지 (csv.mjs FORBIDDEN 가드 대상)
GLV-T06,정답표 — 앱/빌드 스크립트 어디서도 로드 금지 (csv.mjs FORBIDDEN 가드 대상)
GLV-T07,정답표 — 앱/빌드 스크립트 어디서도 로드 금지 (csv.mjs FORBIDDEN 가드 대상)
GLV-T08,정답표 — 앱/빌드 스크립트 어디서도 로드 금지 (csv.mjs FORBIDDEN 가드 대상)
GLV-T09,정답표 — 앱/빌드 스크립트 어디서도 로드 금지 (csv.mjs FORBIDDEN 가드 대상)
GLV-T10,정답표 — 앱/빌드 스크립트 어디서도 로드 금지 (csv.mjs FORBIDDEN 가드 대상)
GLV-T11,정답표 — 앱/빌드 스크립트 어디서도 로드 금지 (csv.mjs FORBIDDEN 가드 대상)
GLV-T12,정답표 — 앱/빌드 스크립트 어디서도 로드 금지 (csv.mjs FORBIDDEN 가드 대상)
GLV-T13,정답표 — 앱/빌드 스크립트 어디서도 로드 금지 (csv.mjs FORBIDDEN 가드 대상)
GLV-C01,정답표 — 앱/빌드 스크립트 어디서도 로드 금지 (csv.mjs FORBIDDEN 가드 대상)
GLV-C02,정답표 — 앱/빌드 스크립트 어디서도 로드 금지 (csv.mjs FORBIDDEN 가드 대상)
GLV-C03,정답표 — 앱/빌드 스크립트 어디서도 로드 금지 (csv.mjs FORBIDDEN 가드 대상)
GLV-C04,정답표 — 앱/빌드 스크립트 어디서도 로드 금지 (csv.mjs FORBIDDEN 가드 대상)
GLV-C05,정답표 — 앱/빌드 스크립트 어디서도 로드 금지 (csv.mjs FORBIDDEN 가드 대상)
GLV-C06,정답표 — 앱/빌드 스크립트 어디서도 로드 금지 (csv.mjs FORBIDDEN 가드 대상)
GLV-C07,정답표 — 앱/빌드 스크립트 어디서도 로드 금지 (csv.mjs FORBIDDEN 가드 대상)
GLV-C08,정답표 — 앱/빌드 스크립트 어디서도 로드 금지 (csv.mjs FORBIDDEN 가드 대상)
GLV-C09,정답표 — 앱/빌드 스크립트 어디서도 로드 금지 (csv.mjs FORBIDDEN 가드 대상)
GLV-C10,정답표 — 앱/빌드 스크립트 어디서도 로드 금지 (csv.mjs FORBIDDEN 가드 대상)
