leg_id,trip_id,vehicle_id,laden,origin_site,destination_site,distance_km,fuel_l,idle_sec,start_ts,end_ts
TRIP-SB-000001-20260812-L1,TRIP-SB-000001-20260812,SB-000001,false,전라남도 광양시 태인동,전라남도 광양시 태인동,0,0.000,0,2026-08-12T07:10:17+09:00,2026-08-12T07:26:43+09:00
TRIP-SB-000001-20260812-L2,TRIP-SB-000001-20260812,SB-000001,false,전라남도 광양시 태인동,전라남도 광양시 태인동,0,0.000,0,2026-08-12T07:34:40+09:00,2026-08-12T07:34:49+09:00
TRIP-SB-000001-20260812-L3,TRIP-SB-000001-20260812,SB-000001,false,전라남도 광양시 태인동,전라남도 광양시 금호동,8,3.167,0,2026-08-12T07:40:28+09:00,2026-08-12T08:20:17+09:00
TRIP-SB-000001-20260812-L4,TRIP-SB-000001-20260812,SB-000001,false,전라남도 광양시 금호동,전라남도 광양시 금호동,0,0.000,0,2026-08-12T08:26:55+09:00,2026-08-12T08:27:45+09:00
TRIP-SB-000001-20260812-L5,TRIP-SB-000001-20260812,SB-000001,false,전라남도 광양시 금호동,전라남도 광양시 금호동,1,0.396,0,2026-08-12T08:33:46+09:00,2026-08-12T08:39:41+09:00
TRIP-SB-000001-20260812-L6,TRIP-SB-000001-20260812,SB-000001,false,전라남도 광양시 금호동,전라남도 광양시 금호동,0,0.000,0,2026-08-12T08:44:21+09:00,2026-08-12T08:46:11+09:00
TRIP-SB-000001-20260812-L7,TRIP-SB-000001-20260812,SB-000001,false,전라남도 광양시 금호동,전라남도 광양시 금호동,2,0.792,0,2026-08-12T08:51:43+09:00,2026-08-12T09:00:36+09:00
TRIP-SB-000001-20260812-L8,TRIP-SB-000001-20260812,SB-000001,false,전라남도 광양시 금호동,전라남도 광양시 금호동,15,5.937,0,2026-08-12T09:01:36+09:00,2026-08-12T09:53:32+09:00
TRIP-SB-000001-20260812-L9,TRIP-SB-000001-20260812,SB-000001,false,전라남도 광양시 금호동,전라남도 광양시 태인동,8,3.167,0,2026-08-12T09:54:17+09:00,2026-08-12T10:12:40+09:00
TRIP-SB-000001-20260812-L10,TRIP-SB-000001-20260812,SB-000001,false,전라남도 광양시 태인동,전라남도 광양시 금호동,11,4.354,0,2026-08-12T10:14:07+09:00,2026-08-12T10:46:40+09:00
TRIP-SB-000001-20260812-L11,TRIP-SB-000001-20260812,SB-000001,false,전라남도 광양시 금호동,전라남도 광양시 태인동,7,2.771,0,2026-08-12T10:47:18+09:00,2026-08-12T11:04:54+09:00
TRIP-SB-000001-20260812-L12,TRIP-SB-000001-20260812,SB-000001,false,전라남도 광양시 태인동,전라남도 광양시 금호동,11,4.354,0,2026-08-12T11:08:22+09:00,2026-08-12T11:51:38+09:00
TRIP-SB-000001-20260812-L13,TRIP-SB-000001-20260812,SB-000001,false,전라남도 광양시 금호동,전라남도 광양시 도이동,10,3.958,0,2026-08-12T11:52:07+09:00,2026-08-12T12:07:47+09:00
TRIP-SB-000001-20260812-L14,TRIP-SB-000001-20260812,SB-000001,false,전라남도 광양시 도이동,전라남도 광양시 금호동,11,4.354,0,2026-08-12T12:47:49+09:00,2026-08-12T13:29:22+09:00
TRIP-SB-000001-20260812-L15,TRIP-SB-000001-20260812,SB-000001,false,전라남도 광양시 금호동,전라남도 광양시 태인동,7,2.771,0,2026-08-12T13:29:46+09:00,2026-08-12T13:41:54+09:00
TRIP-SB-000001-20260812-L16,TRIP-SB-000001-20260812,SB-000001,false,전라남도 광양시 태인동,전라남도 광양시 금호동,7,2.771,0,2026-08-12T13:45:02+09:00,2026-08-12T14:12:38+09:00
TRIP-SB-000001-20260812-L17,TRIP-SB-000001-20260812,SB-000001,false,전라남도 광양시 금호동,전라남도 광양시 금호동,0,0.000,0,2026-08-12T14:20:36+09:00,2026-08-12T14:22:39+09:00
TRIP-SB-000001-20260812-L18,TRIP-SB-000001-20260812,SB-000001,false,전라남도 광양시 금호동,전라남도 광양시 금호동,2,0.792,0,2026-08-12T14:31:19+09:00,2026-08-12T14:40:54+09:00
TRIP-SB-000001-20260812-L19,TRIP-SB-000001-20260812,SB-000001,false,전라남도 광양시 금호동,전라남도 광양시 태인동,6,2.375,0,2026-08-12T14:42:11+09:00,2026-08-12T14:54:56+09:00
TRIP-SB-000001-20260812-L20,TRIP-SB-000001-20260812,SB-000001,false,전라남도 광양시 태인동,전라남도 광양시 태인동,0,0.000,0,2026-08-12T14:57:02+09:00,2026-08-12T14:57:41+09:00
TRIP-SB-000001-20260812-L21,TRIP-SB-000001-20260812,SB-000001,false,전라남도 광양시 태인동,전라남도 광양시 금호동,4,1.583,0,2026-08-12T15:04:38+09:00,2026-08-12T15:19:43+09:00
TRIP-SB-000001-20260812-L22,TRIP-SB-000001-20260812,SB-000001,false,전라남도 광양시 금호동,전라남도 광양시 금호동,3,1.187,0,2026-08-12T15:25:17+09:00,2026-08-12T15:40:07+09:00
TRIP-SB-000001-20260812-L23,TRIP-SB-000001-20260812,SB-000001,false,전라남도 광양시 금호동,전라남도 광양시 금호동,0,0.000,0,2026-08-12T15:52:48+09:00,2026-08-12T15:55:18+09:00
TRIP-SB-000001-20260812-L24,TRIP-SB-000001-20260812,SB-000001,false,전라남도 광양시 금호동,전라남도 광양시 금호동,2,0.792,0,2026-08-12T16:01:09+09:00,2026-08-12T16:10:53+09:00
TRIP-SB-000001-20260812-L25,TRIP-SB-000001-20260812,SB-000001,false,전라남도 광양시 금호동,전라남도 광양시 태인동,6,2.375,0,2026-08-12T16:11:48+09:00,2026-08-12T16:27:42+09:00
TRIP-SB-000001-20260812-L26,TRIP-SB-000001-20260812,SB-000001,false,전라남도 광양시 태인동,전라남도 광양시 태인동,1,0.396,0,2026-08-12T16:31:18+09:00,2026-08-12T16:32:49+09:00
TRIP-SB-000002-20260812-L1,TRIP-SB-000002-20260812,SB-000002,false,전라남도 광양시 태인동,전라남도 광양시 태인동,0,0.000,0,2026-08-12T07:26:21+09:00,2026-08-12T07:26:26+09:00
TRIP-SB-000002-20260812-L2,TRIP-SB-000002-20260812,SB-000002,false,전라남도 광양시 태인동,전라남도 광양시 금호동,5,2.042,0,2026-08-12T07:34:46+09:00,2026-08-12T08:14:27+09:00
TRIP-SB-000002-20260812-L3,TRIP-SB-000002-20260812,SB-000002,false,전라남도 광양시 금호동,전라남도 광양시 금호동,0,0.000,0,2026-08-12T08:17:44+09:00,2026-08-12T08:21:10+09:00
TRIP-SB-000002-20260812-L4,TRIP-SB-000002-20260812,SB-000002,false,전라남도 광양시 금호동,주변에 검색된 지번이 없습니다,1,0.408,0,2026-08-12T08:22:18+09:00,2026-08-12T08:26:48+09:00
TRIP-SB-000002-20260812-L5,TRIP-SB-000002-20260812,SB-000002,false,주변에 검색된 지번이 없습니다,주변에 검색된 지번이 없습니다,0,0.000,0,2026-08-12T08:34:48+09:00,2026-08-12T08:36:48+09:00
TRIP-SB-000002-20260812-L6,TRIP-SB-000002-20260812,SB-000002,false,주변에 검색된 지번이 없습니다,전라남도 광양시 금호동,0,0.000,0,2026-08-12T08:45:39+09:00,2026-08-12T08:50:45+09:00
TRIP-SB-000002-20260812-L7,TRIP-SB-000002-20260812,SB-000002,false,전라남도 광양시 금호동,전라남도 광양시 금호동,3,1.225,0,2026-08-12T08:55:27+09:00,2026-08-12T09:13:55+09:00
TRIP-SB-000002-20260812-L8,TRIP-SB-000002-20260812,SB-000002,false,전라남도 광양시 금호동,전라남도 광양시 태인동,5,2.042,0,2026-08-12T09:14:36+09:00,2026-08-12T09:30:01+09:00
TRIP-SB-000002-20260812-L9,TRIP-SB-000002-20260812,SB-000002,false,전라남도 광양시 태인동,전라남도 광양시 태인동,0,0.000,0,2026-08-12T09:35:44+09:00,2026-08-12T09:36:18+09:00
TRIP-SB-000002-20260812-L10,TRIP-SB-000002-20260812,SB-000002,false,전라남도 광양시 태인동,전라남도 광양시 금호동,3,1.225,0,2026-08-12T09:39:07+09:00,2026-08-12T09:49:53+09:00
TRIP-SB-000002-20260812-L11,TRIP-SB-000002-20260812,SB-000002,false,전라남도 광양시 금호동,전라남도 광양시 금호동,0,0.000,0,2026-08-12T09:59:26+09:00,2026-08-12T10:05:45+09:00
TRIP-SB-000002-20260812-L12,TRIP-SB-000002-20260812,SB-000002,false,전라남도 광양시 금호동,전라남도 광양시 금호동,4,1.634,0,2026-08-12T10:07:54+09:00,2026-08-12T10:30:21+09:00
TRIP-SB-000002-20260812-L13,TRIP-SB-000002-20260812,SB-000002,false,전라남도 광양시 금호동,전라남도 광양시 태인동,7,2.859,0,2026-08-12T10:31:04+09:00,2026-08-12T10:48:58+09:00
TRIP-SB-000002-20260812-L14,TRIP-SB-000002-20260812,SB-000002,false,전라남도 광양시 태인동,전라남도 광양시 금호동,5,2.042,0,2026-08-12T10:50:17+09:00,2026-08-12T11:06:00+09:00
TRIP-SB-000002-20260812-L15,TRIP-SB-000002-20260812,SB-000002,false,전라남도 광양시 금호동,전라남도 광양시 금호동,0,0.000,0,2026-08-12T11:08:07+09:00,2026-08-12T11:10:50+09:00
TRIP-SB-000002-20260812-L16,TRIP-SB-000002-20260812,SB-000002,false,전라남도 광양시 금호동,전라남도 광양시 금호동,4,1.634,0,2026-08-12T11:31:47+09:00,2026-08-12T11:52:33+09:00
TRIP-SB-000002-20260812-L17,TRIP-SB-000002-20260812,SB-000002,false,전라남도 광양시 금호동,전라남도 광양시 태인동,7,2.859,0,2026-08-12T11:53:11+09:00,2026-08-12T12:07:12+09:00
TRIP-SB-000002-20260812-L18,TRIP-SB-000002-20260812,SB-000002,false,전라남도 광양시 태인동,전라남도 광양시 금호동,6,2.450,0,2026-08-12T12:08:36+09:00,2026-08-12T12:57:57+09:00
TRIP-SB-000002-20260812-L19,TRIP-SB-000002-20260812,SB-000002,false,전라남도 광양시 금호동,전라남도 광양시 금호동,3,1.225,0,2026-08-12T13:02:02+09:00,2026-08-12T13:13:14+09:00
TRIP-SB-000002-20260812-L20,TRIP-SB-000002-20260812,SB-000002,false,전라남도 광양시 금호동,전라남도 광양시 태인동,7,2.859,0,2026-08-12T13:14:04+09:00,2026-08-12T13:32:24+09:00
TRIP-SB-000002-20260812-L21,TRIP-SB-000002-20260812,SB-000002,false,전라남도 광양시 태인동,전라남도 광양시 태인동,0,0.000,0,2026-08-12T13:32:26+09:00,2026-08-12T13:49:00+09:00
TRIP-SB-000002-20260812-L22,TRIP-SB-000002-20260812,SB-000002,false,전라남도 광양시 태인동,전라남도 광양시 태인동,0,0.000,0,2026-08-12T13:52:23+09:00,2026-08-12T13:53:22+09:00
TRIP-SB-000002-20260812-L23,TRIP-SB-000002-20260812,SB-000002,false,전라남도 광양시 태인동,전라남도 광양시 금호동,7,2.859,0,2026-08-12T14:03:38+09:00,2026-08-12T14:25:05+09:00
TRIP-SB-000002-20260812-L24,TRIP-SB-000002-20260812,SB-000002,false,전라남도 광양시 금호동,전라남도 광양시 금호동,1,0.408,0,2026-08-12T14:35:09+09:00,2026-08-12T14:40:19+09:00
TRIP-SB-000002-20260812-L25,TRIP-SB-000002-20260812,SB-000002,false,전라남도 광양시 금호동,전라남도 광양시 금호동,1,0.408,0,2026-08-12T14:50:14+09:00,2026-08-12T15:04:53+09:00
TRIP-SB-000002-20260812-L26,TRIP-SB-000002-20260812,SB-000002,false,전라남도 광양시 금호동,전라남도 광양시 태인동,6,2.450,0,2026-08-12T15:05:48+09:00,2026-08-12T15:23:13+09:00
TRIP-SB-000002-20260812-L27,TRIP-SB-000002-20260812,SB-000002,false,전라남도 광양시 태인동,전라남도 광양시 금호동,8,3.267,0,2026-08-12T15:26:33+09:00,2026-08-12T15:57:51+09:00
TRIP-SB-000002-20260812-L28,TRIP-SB-000002-20260812,SB-000002,false,전라남도 광양시 금호동,전라남도 광양시 태인동,6,2.450,0,2026-08-12T15:59:16+09:00,2026-08-12T16:13:54+09:00
TRIP-SB-000002-20260812-L29,TRIP-SB-000002-20260812,SB-000002,false,전라남도 광양시 태인동,전라남도 광양시 태인동,1,0.408,0,2026-08-12T16:17:35+09:00,2026-08-12T16:19:16+09:00
TRIP-SB-000003-20260812-L1,TRIP-SB-000003-20260812,SB-000003,false,전라남도 광양시 태인동,전라남도 광양시 태인동,1,0.307,0,2026-08-12T07:41:31+09:00,2026-08-12T07:46:28+09:00
TRIP-SB-000003-20260812-L2,TRIP-SB-000003-20260812,SB-000003,false,전라남도 광양시 태인동,전라남도 광양시 금호동,8,2.457,0,2026-08-12T07:57:37+09:00,2026-08-12T08:14:08+09:00
TRIP-SB-000003-20260812-L3,TRIP-SB-000003-20260812,SB-000003,false,전라남도 광양시 금호동,전라남도 광양시 금호동,2,0.614,0,2026-08-12T08:15:49+09:00,2026-08-12T08:26:58+09:00
TRIP-SB-000003-20260812-L4,TRIP-SB-000003-20260812,SB-000003,false,전라남도 광양시 금호동,전라남도 광양시 금호동,2,0.614,0,2026-08-12T08:32:07+09:00,2026-08-12T08:44:45+09:00
TRIP-SB-000003-20260812-L5,TRIP-SB-000003-20260812,SB-000003,false,전라남도 광양시 금호동,전라남도 광양시 태인동,10,3.071,0,2026-08-12T08:45:25+09:00,2026-08-12T09:02:39+09:00
TRIP-SB-000003-20260812-L6,TRIP-SB-000003-20260812,SB-000003,false,전라남도 광양시 태인동,전라남도 광양시 태인동,0,0.000,0,2026-08-12T09:17:33+09:00,2026-08-12T09:18:20+09:00
TRIP-SB-000003-20260812-L7,TRIP-SB-000003-20260812,SB-000003,false,전라남도 광양시 태인동,전라남도 광양시 태인동,0,0.000,0,2026-08-12T09:35:34+09:00,2026-08-12T09:43:51+09:00
TRIP-SB-000003-20260812-L8,TRIP-SB-000003-20260812,SB-000003,false,전라남도 광양시 태인동,전라남도 광양시 태인동,0,0.000,0,2026-08-12T09:48:06+09:00,2026-08-12T09:48:38+09:00
TRIP-SB-000003-20260812-L9,TRIP-SB-000003-20260812,SB-000003,false,전라남도 광양시 태인동,전라남도 광양시 금호동,12,3.685,0,2026-08-12T09:49:09+09:00,2026-08-12T10:20:12+09:00
TRIP-SB-000003-20260812-L10,TRIP-SB-000003-20260812,SB-000003,false,전라남도 광양시 금호동,전라남도 광양시 금호동,20,6.142,0,2026-08-12T10:20:40+09:00,2026-08-12T11:06:18+09:00
TRIP-SB-000003-20260812-L11,TRIP-SB-000003-20260812,SB-000003,false,전라남도 광양시 금호동,전라남도 광양시 금호동,3,0.921,0,2026-08-12T11:13:06+09:00,2026-08-12T11:21:02+09:00
TRIP-SB-000003-20260812-L12,TRIP-SB-000003-20260812,SB-000003,false,전라남도 광양시 금호동,전라남도 광양시 태인동,7,2.150,0,2026-08-12T11:21:57+09:00,2026-08-12T11:34:59+09:00
TRIP-SB-000003-20260812-L13,TRIP-SB-000003-20260812,SB-000003,false,전라남도 광양시 태인동,전라남도 광양시 태인동,0,0.000,0,2026-08-12T11:37:36+09:00,2026-08-12T11:38:01+09:00
TRIP-SB-000003-20260812-L14,TRIP-SB-000003-20260812,SB-000003,false,전라남도 광양시 태인동,전라남도 광양시 금호동,10,3.071,0,2026-08-12T11:39:43+09:00,2026-08-12T12:42:34+09:00
TRIP-SB-000003-20260812-L15,TRIP-SB-000003-20260812,SB-000003,false,전라남도 광양시 금호동,전라남도 광양시 태인동,7,2.150,0,2026-08-12T12:43:43+09:00,2026-08-12T13:13:09+09:00
TRIP-SB-000003-20260812-L16,TRIP-SB-000003-20260812,SB-000003,false,전라남도 광양시 태인동,전라남도 광양시 금호동,8,2.457,0,2026-08-12T13:29:21+09:00,2026-08-12T13:45:56+09:00
TRIP-SB-000003-20260812-L17,TRIP-SB-000003-20260812,SB-000003,false,전라남도 광양시 금호동,전라남도 광양시 금호동,0,0.000,0,2026-08-12T13:52:04+09:00,2026-08-12T13:54:06+09:00
TRIP-SB-000003-20260812-L18,TRIP-SB-000003-20260812,SB-000003,false,전라남도 광양시 금호동,전라남도 광양시 금호동,2,0.614,0,2026-08-12T14:05:15+09:00,2026-08-12T14:08:24+09:00
TRIP-SB-000003-20260812-L19,TRIP-SB-000003-20260812,SB-000003,false,전라남도 광양시 금호동,전라남도 광양시 태인동,8,2.457,0,2026-08-12T14:08:58+09:00,2026-08-12T14:25:24+09:00
TRIP-SB-000003-20260812-L20,TRIP-SB-000003-20260812,SB-000003,false,전라남도 광양시 태인동,전라남도 광양시 금호동,7,2.150,0,2026-08-12T14:28:07+09:00,2026-08-12T14:41:23+09:00
TRIP-SB-000003-20260812-L21,TRIP-SB-000003-20260812,SB-000003,false,전라남도 광양시 금호동,전라남도 광양시 금호동,0,0.000,0,2026-08-12T14:58:09+09:00,2026-08-12T15:00:38+09:00
TRIP-SB-000003-20260812-L22,TRIP-SB-000003-20260812,SB-000003,false,전라남도 광양시 금호동,전라남도 광양시 금호동,5,1.535,0,2026-08-12T15:05:46+09:00,2026-08-12T15:29:51+09:00
TRIP-SB-000003-20260812-L23,TRIP-SB-000003-20260812,SB-000003,false,전라남도 광양시 금호동,전라남도 광양시 태인동,9,2.764,0,2026-08-12T15:30:42+09:00,2026-08-12T15:50:06+09:00
TRIP-SB-000003-20260812-L24,TRIP-SB-000003-20260812,SB-000003,false,전라남도 광양시 태인동,전라남도 광양시 태인동,0,0.000,0,2026-08-12T15:52:32+09:00,2026-08-12T15:53:15+09:00
TRIP-SB-000003-20260812-L25,TRIP-SB-000003-20260812,SB-000003,false,전라남도 광양시 태인동,전라남도 광양시 태인동,3,0.921,0,2026-08-12T15:56:34+09:00,2026-08-12T16:01:56+09:00
TRIP-SB-000004-20260812-L1,TRIP-SB-000004-20260812,SB-000004,false,전라남도 광양시 태인동,전라남도 광양시 태인동,0,0.000,0,2026-08-12T07:02:33+09:00,2026-08-12T07:02:47+09:00
TRIP-SB-000004-20260812-L2,TRIP-SB-000004-20260812,SB-000004,false,전라남도 광양시 태인동,전라남도 광양시 태인동,0,0.000,0,2026-08-12T07:06:13+09:00,2026-08-12T07:06:23+09:00
TRIP-SB-000004-20260812-L3,TRIP-SB-000004-20260812,SB-000004,false,전라남도 광양시 태인동,전라남도 광양시 태인동,0,0.000,0,2026-08-12T07:20:20+09:00,2026-08-12T07:45:20+09:00
TRIP-SB-000004-20260812-L4,TRIP-SB-000004-20260812,SB-000004,false,전라남도 광양시 태인동,전라남도 광양시 금호동,6,2.005,0,2026-08-12T07:56:47+09:00,2026-08-12T08:41:20+09:00
TRIP-SB-000004-20260812-L5,TRIP-SB-000004-20260812,SB-000004,false,전라남도 광양시 금호동,전라남도 광양시 태인동,6,2.005,0,2026-08-12T08:41:22+09:00,2026-08-12T08:59:22+09:00
TRIP-SB-000004-20260812-L6,TRIP-SB-000004-20260812,SB-000004,false,전라남도 광양시 태인동,전라남도 광양시 태인동,0,0.000,0,2026-08-12T09:07:28+09:00,2026-08-12T09:10:21+09:00
TRIP-SB-000004-20260812-L7,TRIP-SB-000004-20260812,SB-000004,false,전라남도 광양시 태인동,전라남도 광양시 태인동,0,0.000,0,2026-08-12T09:13:21+09:00,2026-08-12T09:24:43+09:00
TRIP-SB-000004-20260812-L8,TRIP-SB-000004-20260812,SB-000004,false,전라남도 광양시 태인동,전라남도 광양시 태인동,0,0.000,0,2026-08-12T09:32:34+09:00,2026-08-12T09:35:26+09:00
TRIP-SB-000004-20260812-L9,TRIP-SB-000004-20260812,SB-000004,false,전라남도 광양시 태인동,전라남도 광양시 태인동,0,0.000,0,2026-08-12T09:35:29+09:00,2026-08-12T09:42:12+09:00
TRIP-SB-000004-20260812-L10,TRIP-SB-000004-20260812,SB-000004,false,전라남도 광양시 태인동,전라남도 광양시 금호동,7,2.339,0,2026-08-12T09:42:12+09:00,2026-08-12T10:16:54+09:00
TRIP-SB-000004-20260812-L11,TRIP-SB-000004-20260812,SB-000004,false,전라남도 광양시 금호동,전라남도 광양시 금호동,11,3.676,0,2026-08-12T10:16:57+09:00,2026-08-12T11:05:55+09:00
TRIP-SB-000004-20260812-L12,TRIP-SB-000004-20260812,SB-000004,false,전라남도 광양시 금호동,전라남도 광양시 금호동,1,0.334,0,2026-08-12T11:07:10+09:00,2026-08-12T11:26:22+09:00
TRIP-SB-000004-20260812-L13,TRIP-SB-000004-20260812,SB-000004,false,전라남도 광양시 금호동,전라남도 광양시 금호동,9,3.008,0,2026-08-12T11:26:25+09:00,2026-08-12T11:56:14+09:00
TRIP-SB-000004-20260812-L14,TRIP-SB-000004-20260812,SB-000004,false,전라남도 광양시 금호동,전라남도 광양시 금호동,0,0.000,0,2026-08-12T12:04:13+09:00,2026-08-12T12:04:19+09:00
TRIP-SB-000004-20260812-L15,TRIP-SB-000004-20260812,SB-000004,false,전라남도 광양시 금호동,전라남도 광양시 도이동,9,3.008,0,2026-08-12T12:06:53+09:00,2026-08-12T12:52:05+09:00
TRIP-SB-000004-20260812-L16,TRIP-SB-000004-20260812,SB-000004,false,전라남도 광양시 도이동,전라남도 광양시 금호동,9,3.008,0,2026-08-12T13:03:19+09:00,2026-08-12T13:53:59+09:00
TRIP-SB-000004-20260812-L17,TRIP-SB-000004-20260812,SB-000004,false,주변에 검색된 지번이 없습니다,전라남도 광양시 태인동,4,1.337,0,2026-08-12T13:54:01+09:00,2026-08-12T14:07:59+09:00
TRIP-SB-000004-20260812-L18,TRIP-SB-000004-20260812,SB-000004,false,전라남도 광양시 태인동,전라남도 광양시 금호동,4,1.337,0,2026-08-12T14:07:59+09:00,2026-08-12T14:37:30+09:00
TRIP-SB-000004-20260812-L19,TRIP-SB-000004-20260812,SB-000004,false,전라남도 광양시 금호동,전라남도 광양시 금호동,2,0.668,0,2026-08-12T14:58:39+09:00,2026-08-12T15:12:53+09:00
TRIP-SB-000004-20260812-L20,TRIP-SB-000004-20260812,SB-000004,false,전라남도 광양시 금호동,전라남도 광양시 태인동,5,1.671,0,2026-08-12T15:12:55+09:00,2026-08-12T15:42:14+09:00
TRIP-SB-000004-20260812-L21,TRIP-SB-000004-20260812,SB-000004,false,전라남도 광양시 태인동,전라남도 광양시 태인동,0,0.000,0,2026-08-12T15:42:16+09:00,2026-08-12T15:45:03+09:00
TRIP-SB-000004-20260812-L22,TRIP-SB-000004-20260812,SB-000004,false,전라남도 광양시 태인동,전라남도 광양시 태인동,1,0.334,0,2026-08-12T15:45:06+09:00,2026-08-12T15:50:50+09:00
TRIP-SB-000004-20260812-L23,TRIP-SB-000004-20260812,SB-000004,false,전라남도 광양시 태인동,전라남도 광양시 태인동,1,0.334,0,2026-08-12T15:58:07+09:00,2026-08-12T16:01:13+09:00
TRIP-SB-000005-20260812-L1,TRIP-SB-000005-20260812,SB-000005,false,전라남도 광양시 태인동,전라남도 광양시 금호동,7,2.859,0,2026-08-12T07:21:54+09:00,2026-08-12T08:57:13+09:00
TRIP-SB-000005-20260812-L2,TRIP-SB-000005-20260812,SB-000005,false,전라남도 광양시 금호동,전라남도 광양시 태인동,7,2.859,0,2026-08-12T08:57:59+09:00,2026-08-12T09:19:47+09:00
TRIP-SB-000005-20260812-L3,TRIP-SB-000005-20260812,SB-000005,false,전라남도 광양시 태인동,전라남도 광양시 태인동,0,0.000,0,2026-08-12T09:43:01+09:00,2026-08-12T09:56:45+09:00
TRIP-SB-000005-20260812-L4,TRIP-SB-000005-20260812,SB-000005,false,전라남도 광양시 태인동,전라남도 광양시 금호동,4,1.634,0,2026-08-12T10:03:56+09:00,2026-08-12T10:16:13+09:00
TRIP-SB-000005-20260812-L5,TRIP-SB-000005-20260812,SB-000005,false,전라남도 광양시 금호동,전라남도 광양시 금호동,0,0.000,0,2026-08-12T10:16:16+09:00,2026-08-12T10:16:17+09:00
TRIP-SB-000005-20260812-L6,TRIP-SB-000005-20260812,SB-000005,false,전라남도 광양시 금호동,전라남도 광양시 금호동,4,1.634,0,2026-08-12T10:32:36+09:00,2026-08-12T10:52:08+09:00
TRIP-SB-000005-20260812-L7,TRIP-SB-000005-20260812,SB-000005,false,전라남도 광양시 금호동,전라남도 광양시 금호동,16,6.536,0,2026-08-12T10:52:40+09:00,2026-08-12T11:56:39+09:00
TRIP-SB-000005-20260812-L8,TRIP-SB-000005-20260812,SB-000005,false,전라남도 광양시 금호동,전라남도 광양시 태인동,5,2.042,0,2026-08-12T11:57:32+09:00,2026-08-12T12:11:35+09:00
TRIP-SB-000005-20260812-L9,TRIP-SB-000005-20260812,SB-000005,false,전라남도 광양시 태인동,전라남도 광양시 금호동,8,3.268,0,2026-08-12T12:32:55+09:00,2026-08-12T13:20:01+09:00
TRIP-SB-000005-20260812-L10,TRIP-SB-000005-20260812,SB-000005,false,전라남도 광양시 금호동,전라남도 광양시 태인동,5,2.042,0,2026-08-12T13:20:33+09:00,2026-08-12T13:45:48+09:00
TRIP-SB-000005-20260812-L11,TRIP-SB-000005-20260812,SB-000005,false,전라남도 광양시 태인동,전라남도 광양시 태인동,0,0.000,0,2026-08-12T13:51:49+09:00,2026-08-12T13:52:58+09:00
TRIP-SB-000005-20260812-L12,TRIP-SB-000005-20260812,SB-000005,false,전라남도 광양시 태인동,전라남도 광양시 금호동,6,2.451,0,2026-08-12T13:56:33+09:00,2026-08-12T14:24:33+09:00
TRIP-SB-000005-20260812-L13,TRIP-SB-000005-20260812,SB-000005,false,전라남도 광양시 금호동,전라남도 광양시 금호동,10,4.085,0,2026-08-12T14:25:03+09:00,2026-08-12T14:50:54+09:00
TRIP-SB-000005-20260812-L14,TRIP-SB-000005-20260812,SB-000005,false,전라남도 광양시 금호동,전라남도 광양시 금호동,4,1.634,0,2026-08-12T15:13:38+09:00,2026-08-12T15:42:57+09:00
TRIP-SB-000005-20260812-L15,TRIP-SB-000005-20260812,SB-000005,false,전라남도 광양시 금호동,전라남도 광양시 태인동,6,2.451,0,2026-08-12T15:44:37+09:00,2026-08-12T16:03:59+09:00
TRIP-SB-000005-20260812-L16,TRIP-SB-000005-20260812,SB-000005,false,전라남도 광양시 태인동,전라남도 광양시 태인동,2,0.817,0,2026-08-12T16:10:59+09:00,2026-08-12T16:40:46+09:00
TRIP-SB-000006-20260812-L1,TRIP-SB-000006-20260812,SB-000006,false,전라남도 광양시 태인동,전라남도 광양시 태인동,0,0.000,0,2026-08-12T07:20:12+09:00,2026-08-12T07:20:22+09:00
TRIP-SB-000006-20260812-L2,TRIP-SB-000006-20260812,SB-000006,false,전라남도 광양시 태인동,전라남도 광양시 금호동,8,3.075,0,2026-08-12T07:25:55+09:00,2026-08-12T08:34:29+09:00
TRIP-SB-000006-20260812-L3,TRIP-SB-000006-20260812,SB-000006,false,전라남도 광양시 금호동,전라남도 광양시 태인동,6,2.306,0,2026-08-12T08:35:33+09:00,2026-08-12T08:54:14+09:00
TRIP-SB-000006-20260812-L4,TRIP-SB-000006-20260812,SB-000006,false,전라남도 광양시 태인동,전라남도 광양시 태인동,0,0.000,0,2026-08-12T08:57:28+09:00,2026-08-12T09:00:41+09:00
TRIP-SB-000006-20260812-L5,TRIP-SB-000006-20260812,SB-000006,false,전라남도 광양시 태인동,전라남도 광양시 태인동,0,0.000,0,2026-08-12T09:06:24+09:00,2026-08-12T09:07:56+09:00
TRIP-SB-000006-20260812-L6,TRIP-SB-000006-20260812,SB-000006,false,전라남도 광양시 태인동,전라남도 광양시 태인동,0,0.000,0,2026-08-12T09:13:00+09:00,2026-08-12T09:14:21+09:00
TRIP-SB-000006-20260812-L7,TRIP-SB-000006-20260812,SB-000006,false,전라남도 광양시 태인동,전라남도 광양시 태인동,1,0.384,0,2026-08-12T09:32:25+09:00,2026-08-12T09:33:22+09:00
TRIP-SB-000006-20260812-L8,TRIP-SB-000006-20260812,SB-000006,false,전라남도 광양시 태인동,전라남도 광양시 태인동,0,0.000,0,2026-08-12T09:34:41+09:00,2026-08-12T09:35:16+09:00
TRIP-SB-000006-20260812-L9,TRIP-SB-000006-20260812,SB-000006,false,전라남도 광양시 태인동,전라남도 광양시 금호동,8,3.075,0,2026-08-12T09:35:56+09:00,2026-08-12T10:05:43+09:00
TRIP-SB-000006-20260812-L10,TRIP-SB-000006-20260812,SB-000006,false,전라남도 광양시 금호동,전라남도 광양시 태인동,5,1.922,0,2026-08-12T10:06:25+09:00,2026-08-12T10:22:03+09:00
TRIP-SB-000006-20260812-L11,TRIP-SB-000006-20260812,SB-000006,false,전라남도 광양시 태인동,전라남도 광양시 금호동,7,2.691,0,2026-08-12T10:24:20+09:00,2026-08-12T11:05:53+09:00
TRIP-SB-000006-20260812-L12,TRIP-SB-000006-20260812,SB-000006,false,전라남도 광양시 금호동,전라남도 광양시 태인동,7,2.691,0,2026-08-12T11:06:38+09:00,2026-08-12T11:38:39+09:00
TRIP-SB-000006-20260812-L13,TRIP-SB-000006-20260812,SB-000006,false,전라남도 광양시 태인동,전라남도 광양시 태인동,0,0.000,0,2026-08-12T12:20:19+09:00,2026-08-12T12:22:49+09:00
TRIP-SB-000006-20260812-L14,TRIP-SB-000006-20260812,SB-000006,false,전라남도 광양시 태인동,전라남도 광양시 금호동,10,3.844,0,2026-08-12T12:27:38+09:00,2026-08-12T13:07:35+09:00
TRIP-SB-000006-20260812-L15,TRIP-SB-000006-20260812,SB-000006,false,전라남도 광양시 금호동,전라남도 광양시 금호동,13,4.997,0,2026-08-12T13:08:15+09:00,2026-08-12T13:57:07+09:00
TRIP-SB-000006-20260812-L16,TRIP-SB-000006-20260812,SB-000006,false,전라남도 광양시 금호동,전라남도 광양시 금호동,14,5.382,0,2026-08-12T13:57:53+09:00,2026-08-12T15:10:47+09:00
TRIP-SB-000006-20260812-L17,TRIP-SB-000006-20260812,SB-000006,false,전라남도 광양시 금호동,전라남도 광양시 태인동,7,2.691,0,2026-08-12T15:11:54+09:00,2026-08-12T15:31:48+09:00
TRIP-SB-000006-20260812-L18,TRIP-SB-000006-20260812,SB-000006,false,전라남도 광양시 태인동,전라남도 광양시 태인동,0,0.000,0,2026-08-12T15:33:07+09:00,2026-08-12T15:33:52+09:00
TRIP-SB-000006-20260812-L19,TRIP-SB-000006-20260812,SB-000006,false,전라남도 광양시 태인동,전라남도 광양시 태인동,0,0.000,0,2026-08-12T15:35:38+09:00,2026-08-12T15:36:24+09:00
TRIP-SB-000006-20260812-L20,TRIP-SB-000006-20260812,SB-000006,false,전라남도 광양시 태인동,전라남도 광양시 태인동,2,0.769,0,2026-08-12T15:37:23+09:00,2026-08-12T15:50:56+09:00
TRIP-SB-000006-20260812-L21,TRIP-SB-000006-20260812,SB-000006,false,전라남도 광양시 태인동,전라남도 광양시 태인동,0,0.000,0,2026-08-12T16:25:07+09:00,2026-08-12T16:28:34+09:00
TRIP-SB-000007-20260812-L1,TRIP-SB-000007-20260812,SB-000007,false,전라남도 광양시 태인동,전라남도 광양시 태인동,0,0.000,0,2026-08-12T07:29:59+09:00,2026-08-12T07:37:37+09:00
TRIP-SB-000007-20260812-L2,TRIP-SB-000007-20260812,SB-000007,false,전라남도 광양시 태인동,전라남도 광양시 태인동,0,0.000,0,2026-08-12T07:37:39+09:00,2026-08-12T07:38:24+09:00
TRIP-SB-000007-20260812-L3,TRIP-SB-000007-20260812,SB-000007,false,전라남도 광양시 태인동,전라남도 광양시 금호동,5,2.127,0,2026-08-12T07:44:16+09:00,2026-08-12T08:12:26+09:00
TRIP-SB-000007-20260812-L4,TRIP-SB-000007-20260812,SB-000007,false,전라남도 광양시 금호동,전라남도 광양시 금호동,2,0.851,0,2026-08-12T08:21:29+09:00,2026-08-12T08:27:31+09:00
TRIP-SB-000007-20260812-L5,TRIP-SB-000007-20260812,SB-000007,false,전라남도 광양시 금호동,전라남도 광양시 태인동,6,2.553,0,2026-08-12T08:28:14+09:00,2026-08-12T08:44:52+09:00
TRIP-SB-000007-20260812-L6,TRIP-SB-000007-20260812,SB-000007,false,전라남도 광양시 태인동,전라남도 광양시 태인동,0,0.000,0,2026-08-12T08:57:26+09:00,2026-08-12T08:59:08+09:00
TRIP-SB-000007-20260812-L7,TRIP-SB-000007-20260812,SB-000007,false,전라남도 광양시 태인동,전라남도 광양시 금호동,4,1.702,0,2026-08-12T09:04:41+09:00,2026-08-12T09:18:00+09:00
TRIP-SB-000007-20260812-L8,TRIP-SB-000007-20260812,SB-000007,false,전라남도 광양시 금호동,전라남도 광양시 금호동,4,1.702,0,2026-08-12T09:25:37+09:00,2026-08-12T09:42:30+09:00
TRIP-SB-000007-20260812-L9,TRIP-SB-000007-20260812,SB-000007,false,전라남도 광양시 금호동,전라남도 광양시 태인동,6,2.553,0,2026-08-12T09:43:03+09:00,2026-08-12T09:57:14+09:00
TRIP-SB-000007-20260812-L10,TRIP-SB-000007-20260812,SB-000007,false,전라남도 광양시 태인동,전라남도 광양시 금호동,7,2.978,0,2026-08-12T09:59:28+09:00,2026-08-12T10:24:33+09:00
TRIP-SB-000007-20260812-L11,TRIP-SB-000007-20260812,SB-000007,false,전라남도 광양시 금호동,전라남도 광양시 금호동,1,0.425,0,2026-08-12T10:25:03+09:00,2026-08-12T11:06:36+09:00
TRIP-SB-000007-20260812-L12,TRIP-SB-000007-20260812,SB-000007,false,전라남도 광양시 금호동,전라남도 광양시 금호동,1,0.425,0,2026-08-12T11:12:25+09:00,2026-08-12T11:15:00+09:00
TRIP-SB-000007-20260812-L13,TRIP-SB-000007-20260812,SB-000007,false,전라남도 광양시 금호동,전라남도 광양시 금호동,2,0.851,0,2026-08-12T11:28:12+09:00,2026-08-12T11:33:03+09:00
TRIP-SB-000007-20260812-L14,TRIP-SB-000007-20260812,SB-000007,false,전라남도 광양시 금호동,전라남도 광양시 태인동,6,2.553,0,2026-08-12T11:34:20+09:00,2026-08-12T11:52:35+09:00
TRIP-SB-000007-20260812-L15,TRIP-SB-000007-20260812,SB-000007,false,전라남도 광양시 태인동,전라남도 광양시 태인동,0,0.000,0,2026-08-12T12:51:02+09:00,2026-08-12T12:55:22+09:00
TRIP-SB-000007-20260812-L16,TRIP-SB-000007-20260812,SB-000007,false,전라남도 광양시 태인동,전라남도 광양시 태인동,0,0.000,0,2026-08-12T13:00:28+09:00,2026-08-12T13:01:59+09:00
TRIP-SB-000007-20260812-L17,TRIP-SB-000007-20260812,SB-000007,false,전라남도 광양시 태인동,전라남도 광양시 태인동,0,0.000,0,2026-08-12T13:03:14+09:00,2026-08-12T13:03:49+09:00
TRIP-SB-000007-20260812-L18,TRIP-SB-000007-20260812,SB-000007,false,전라남도 광양시 태인동,전라남도 광양시 금호동,7,2.978,0,2026-08-12T13:07:22+09:00,2026-08-12T13:30:11+09:00
TRIP-SB-000007-20260812-L19,TRIP-SB-000007-20260812,SB-000007,false,전라남도 광양시 금호동,전라남도 광양시 금호동,1,0.425,0,2026-08-12T13:41:01+09:00,2026-08-12T13:43:33+09:00
TRIP-SB-000007-20260812-L20,TRIP-SB-000007-20260812,SB-000007,false,전라남도 광양시 금호동,전라남도 광양시 태인동,5,2.127,0,2026-08-12T13:44:35+09:00,2026-08-12T13:59:40+09:00
TRIP-SB-000007-20260812-L21,TRIP-SB-000007-20260812,SB-000007,false,전라남도 광양시 태인동,전라남도 광양시 태인동,0,0.000,0,2026-08-12T14:02:13+09:00,2026-08-12T14:02:45+09:00
TRIP-SB-000007-20260812-L22,TRIP-SB-000007-20260812,SB-000007,false,전라남도 광양시 태인동,전라남도 광양시 금호동,4,1.702,0,2026-08-12T14:05:41+09:00,2026-08-12T14:34:17+09:00
TRIP-SB-000007-20260812-L23,TRIP-SB-000007-20260812,SB-000007,false,전라남도 광양시 금호동,전라남도 광양시 금호동,0,0.000,0,2026-08-12T14:50:41+09:00,2026-08-12T14:52:21+09:00
TRIP-SB-000007-20260812-L24,TRIP-SB-000007-20260812,SB-000007,false,전라남도 광양시 금호동,전라남도 광양시 금호동,0,0.000,0,2026-08-12T14:52:21+09:00,2026-08-12T14:52:29+09:00
TRIP-SB-000007-20260812-L25,TRIP-SB-000007-20260812,SB-000007,false,전라남도 광양시 금호동,전라남도 광양시 금호동,0,0.000,0,2026-08-12T14:57:55+09:00,2026-08-12T15:11:56+09:00
TRIP-SB-000007-20260812-L26,TRIP-SB-000007-20260812,SB-000007,false,전라남도 광양시 금호동,전라남도 광양시 금호동,1,0.425,0,2026-08-12T15:17:42+09:00,2026-08-12T15:21:04+09:00
TRIP-SB-000007-20260812-L27,TRIP-SB-000007-20260812,SB-000007,false,전라남도 광양시 금호동,전라남도 광양시 금호동,2,0.851,0,2026-08-12T15:28:31+09:00,2026-08-12T15:45:48+09:00
TRIP-SB-000007-20260812-L28,TRIP-SB-000007-20260812,SB-000007,false,전라남도 광양시 금호동,전라남도 광양시 태인동,6,2.553,0,2026-08-12T15:46:42+09:00,2026-08-12T16:03:20+09:00
TRIP-SB-000007-20260812-L29,TRIP-SB-000007-20260812,SB-000007,false,전라남도 광양시 태인동,전라남도 광양시 태인동,0,0.000,0,2026-08-12T16:03:45+09:00,2026-08-12T16:04:25+09:00
TRIP-SB-000007-20260812-L30,TRIP-SB-000007-20260812,SB-000007,false,전라남도 광양시 태인동,전라남도 광양시 태인동,2,0.851,0,2026-08-12T16:08:44+09:00,2026-08-12T16:15:12+09:00
TRIP-SB-000007-20260812-L31,TRIP-SB-000007-20260812,SB-000007,false,전라남도 광양시 태인동,전라남도 광양시 태인동,0,0.000,0,2026-08-12T16:41:59+09:00,2026-08-12T16:47:32+09:00
TRIP-SB-000008-20260812-L1,TRIP-SB-000008-20260812,SB-000008,false,전라남도 광양시 태인동,전라남도 광양시 태인동,0,0.000,0,2026-08-12T07:16:30+09:00,2026-08-12T07:16:35+09:00
TRIP-SB-000008-20260812-L2,TRIP-SB-000008-20260812,SB-000008,false,전라남도 광양시 태인동,전라남도 광양시 태인동,0,0.000,0,2026-08-12T07:30:50+09:00,2026-08-12T07:32:10+09:00
TRIP-SB-000008-20260812-L3,TRIP-SB-000008-20260812,SB-000008,false,전라남도 광양시 태인동,전라남도 광양시 태인동,0,0.000,0,2026-08-12T07:37:39+09:00,2026-08-12T07:37:44+09:00
TRIP-SB-000008-20260812-L4,TRIP-SB-000008-20260812,SB-000008,false,전라남도 광양시 태인동,전라남도 광양시 금호동,5,2.546,0,2026-08-12T07:46:12+09:00,2026-08-12T08:18:57+09:00
TRIP-SB-000008-20260812-L5,TRIP-SB-000008-20260812,SB-000008,false,전라남도 광양시 금호동,전라남도 광양시 금호동,26,13.238,0,2026-08-12T08:31:53+09:00,2026-08-12T10:13:02+09:00
TRIP-SB-000008-20260812-L6,TRIP-SB-000008-20260812,SB-000008,false,전라남도 광양시 금호동,전라남도 광양시 도이동,29,14.765,0,2026-08-12T10:38:31+09:00,2026-08-12T12:29:20+09:00
TRIP-SB-000008-20260812-L7,TRIP-SB-000008-20260812,SB-000008,false,전라남도 광양시 도이동,전라남도 광양시 태인동,31,15.784,0,2026-08-12T13:03:01+09:00,2026-08-12T16:12:38+09:00
TRIP-SB-000009-20260812-L1,TRIP-SB-000009-20260812,SB-000009,false,전라남도 광양시 태인동,전라남도 광양시 태인동,0,0.000,0,2026-08-12T07:29:24+09:00,2026-08-12T07:39:43+09:00
TRIP-SB-000009-20260812-L2,TRIP-SB-000009-20260812,SB-000009,false,전라남도 광양시 태인동,전라남도 광양시 금호동,6,1.895,0,2026-08-12T07:56:45+09:00,2026-08-12T08:15:04+09:00
TRIP-SB-000009-20260812-L3,TRIP-SB-000009-20260812,SB-000009,false,전라남도 광양시 금호동,전라남도 광양시 금호동,0,0.000,0,2026-08-12T08:15:15+09:00,2026-08-12T08:15:40+09:00
TRIP-SB-000009-20260812-L4,TRIP-SB-000009-20260812,SB-000009,false,전라남도 광양시 금호동,전라남도 광양시 금호동,1,0.316,0,2026-08-12T08:29:41+09:00,2026-08-12T08:37:39+09:00
TRIP-SB-000009-20260812-L5,TRIP-SB-000009-20260812,SB-000009,false,전라남도 광양시 금호동,전라남도 광양시 태인동,6,1.895,0,2026-08-12T08:38:21+09:00,2026-08-12T08:53:46+09:00
TRIP-SB-000009-20260812-L6,TRIP-SB-000009-20260812,SB-000009,false,전라남도 광양시 태인동,전라남도 광양시 태인동,0,0.000,0,2026-08-12T09:01:51+09:00,2026-08-12T09:03:17+09:00
TRIP-SB-000009-20260812-L7,TRIP-SB-000009-20260812,SB-000009,false,전라남도 광양시 태인동,전라남도 광양시 금호동,7,2.211,0,2026-08-12T09:05:51+09:00,2026-08-12T09:46:07+09:00
TRIP-SB-000009-20260812-L8,TRIP-SB-000009-20260812,SB-000009,false,전라남도 광양시 금호동,전라남도 광양시 금호동,0,0.000,0,2026-08-12T09:47:14+09:00,2026-08-12T09:47:33+09:00
TRIP-SB-000009-20260812-L9,TRIP-SB-000009-20260812,SB-000009,false,전라남도 광양시 금호동,전라남도 광양시 금호동,1,0.316,0,2026-08-12T09:54:34+09:00,2026-08-12T10:04:13+09:00
TRIP-SB-000009-20260812-L10,TRIP-SB-000009-20260812,SB-000009,false,전라남도 광양시 금호동,전라남도 광양시 태인동,5,1.580,0,2026-08-12T10:05:53+09:00,2026-08-12T10:20:58+09:00
TRIP-SB-000009-20260812-L11,TRIP-SB-000009-20260812,SB-000009,false,전라남도 광양시 태인동,전라남도 광양시 태인동,0,0.000,0,2026-08-12T10:26:27+09:00,2026-08-12T10:27:07+09:00
TRIP-SB-000009-20260812-L12,TRIP-SB-000009-20260812,SB-000009,false,전라남도 광양시 태인동,전라남도 광양시 금호동,2,0.632,0,2026-08-12T10:31:44+09:00,2026-08-12T10:40:23+09:00
TRIP-SB-000009-20260812-L13,TRIP-SB-000009-20260812,SB-000009,false,전라남도 광양시 금호동,전라남도 광양시 금호동,4,1.264,0,2026-08-12T11:09:31+09:00,2026-08-12T11:24:35+09:00
TRIP-SB-000009-20260812-L14,TRIP-SB-000009-20260812,SB-000009,false,전라남도 광양시 금호동,전라남도 광양시 태인동,7,2.211,0,2026-08-12T11:25:23+09:00,2026-08-12T11:58:49+09:00
TRIP-SB-000009-20260812-L15,TRIP-SB-000009-20260812,SB-000009,false,전라남도 광양시 태인동,전라남도 광양시 금호동,9,2.843,0,2026-08-12T12:23:15+09:00,2026-08-12T13:14:45+09:00
TRIP-SB-000009-20260812-L16,TRIP-SB-000009-20260812,SB-000009,false,전라남도 광양시 금호동,전라남도 광양시 금호동,11,3.475,0,2026-08-12T13:15:41+09:00,2026-08-12T13:50:45+09:00
TRIP-SB-000009-20260812-L17,TRIP-SB-000009-20260812,SB-000009,false,전라남도 광양시 금호동,전라남도 광양시 금호동,2,0.632,0,2026-08-12T13:56:41+09:00,2026-08-12T14:06:37+09:00
TRIP-SB-000009-20260812-L18,TRIP-SB-000009-20260812,SB-000009,false,전라남도 광양시 금호동,전라남도 광양시 태인동,6,1.895,0,2026-08-12T14:07:15+09:00,2026-08-12T14:20:37+09:00
TRIP-SB-000009-20260812-L19,TRIP-SB-000009-20260812,SB-000009,false,전라남도 광양시 태인동,전라남도 광양시 금호동,8,2.527,0,2026-08-12T14:22:45+09:00,2026-08-12T15:03:04+09:00
TRIP-SB-000009-20260812-L20,TRIP-SB-000009-20260812,SB-000009,false,전라남도 광양시 금호동,전라남도 광양시 태인동,6,1.895,0,2026-08-12T15:03:45+09:00,2026-08-12T15:20:48+09:00
TRIP-SB-000009-20260812-L21,TRIP-SB-000009-20260812,SB-000009,false,전라남도 광양시 태인동,전라남도 광양시 태인동,3,0.948,0,2026-08-12T15:26:36+09:00,2026-08-12T15:32:59+09:00
TRIP-SB-000011-20260812-L1,TRIP-SB-000011-20260812,SB-000011,false,전라남도 광양시 태인동,전라남도 광양시 태인동,0,0.000,0,2026-08-12T07:22:28+09:00,2026-08-12T07:44:52+09:00
TRIP-SB-000011-20260812-L2,TRIP-SB-000011-20260812,SB-000011,false,전라남도 광양시 태인동,전라남도 광양시 금호동,6,2.427,0,2026-08-12T07:56:55+09:00,2026-08-12T08:15:46+09:00
TRIP-SB-000011-20260812-L3,TRIP-SB-000011-20260812,SB-000011,false,전라남도 광양시 금호동,전라남도 광양시 금호동,1,0.405,0,2026-08-12T08:27:59+09:00,2026-08-12T08:38:56+09:00
TRIP-SB-000011-20260812-L4,TRIP-SB-000011-20260812,SB-000011,false,전라남도 광양시 금호동,전라남도 광양시 태인동,6,2.427,0,2026-08-12T08:39:35+09:00,2026-08-12T08:54:08+09:00
TRIP-SB-000011-20260812-L5,TRIP-SB-000011-20260812,SB-000011,false,전라남도 광양시 태인동,전라남도 광양시 금호동,7,2.832,0,2026-08-12T08:59:14+09:00,2026-08-12T09:30:09+09:00
TRIP-SB-000011-20260812-L6,TRIP-SB-000011-20260812,SB-000011,false,전라남도 광양시 금호동,전라남도 광양시 금호동,12,4.855,0,2026-08-12T09:30:54+09:00,2026-08-12T10:09:03+09:00
TRIP-SB-000011-20260812-L7,TRIP-SB-000011-20260812,SB-000011,false,전라남도 광양시 금호동,전라남도 광양시 금호동,1,0.405,0,2026-08-12T10:29:22+09:00,2026-08-12T10:33:43+09:00
TRIP-SB-000011-20260812-L8,TRIP-SB-000011-20260812,SB-000011,false,전라남도 광양시 금호동,전라남도 광양시 금호동,0,0.000,0,2026-08-12T10:34:42+09:00,2026-08-12T10:35:40+09:00
TRIP-SB-000011-20260812-L9,TRIP-SB-000011-20260812,SB-000011,false,전라남도 광양시 금호동,전라남도 광양시 금호동,3,1.214,0,2026-08-12T10:40:46+09:00,2026-08-12T10:55:38+09:00
TRIP-SB-000011-20260812-L10,TRIP-SB-000011-20260812,SB-000011,false,전라남도 광양시 금호동,전라남도 광양시 태인동,6,2.427,0,2026-08-12T10:56:14+09:00,2026-08-12T11:17:53+09:00
TRIP-SB-000011-20260812-L11,TRIP-SB-000011-20260812,SB-000011,false,전라남도 광양시 태인동,전라남도 광양시 태인동,0,0.000,0,2026-08-12T11:19:43+09:00,2026-08-12T11:20:16+09:00
TRIP-SB-000011-20260812-L12,TRIP-SB-000011-20260812,SB-000011,false,전라남도 광양시 태인동,전라남도 광양시 금호동,9,3.641,0,2026-08-12T11:20:54+09:00,2026-08-12T11:53:08+09:00
TRIP-SB-000011-20260812-L13,TRIP-SB-000011-20260812,SB-000011,false,전라남도 광양시 금호동,전라남도 광양시 태인동,5,2.023,0,2026-08-12T11:53:39+09:00,2026-08-12T12:07:05+09:00
TRIP-SB-000011-20260812-L14,TRIP-SB-000011-20260812,SB-000011,false,전라남도 광양시 태인동,전라남도 광양시 금호동,7,2.832,0,2026-08-12T12:28:59+09:00,2026-08-12T13:03:40+09:00
TRIP-SB-000011-20260812-L15,TRIP-SB-000011-20260812,SB-000011,false,전라남도 광양시 금호동,전라남도 광양시 금호동,1,0.405,0,2026-08-12T13:09:16+09:00,2026-08-12T13:20:25+09:00
TRIP-SB-000011-20260812-L16,TRIP-SB-000011-20260812,SB-000011,false,전라남도 광양시 금호동,전라남도 광양시 태인동,7,2.832,0,2026-08-12T13:21:03+09:00,2026-08-12T13:59:32+09:00
TRIP-SB-000011-20260812-L17,TRIP-SB-000011-20260812,SB-000011,false,전라남도 광양시 태인동,전라남도 광양시 태인동,0,0.000,0,2026-08-12T14:01:04+09:00,2026-08-12T14:01:37+09:00
TRIP-SB-000011-20260812-L18,TRIP-SB-000011-20260812,SB-000011,false,전라남도 광양시 태인동,전라남도 광양시 금호동,8,3.236,0,2026-08-12T14:02:12+09:00,2026-08-12T14:45:46+09:00
TRIP-SB-000011-20260812-L19,TRIP-SB-000011-20260812,SB-000011,false,전라남도 광양시 금호동,전라남도 광양시 태인동,6,2.427,0,2026-08-12T14:46:35+09:00,2026-08-12T15:03:11+09:00
TRIP-SB-000011-20260812-L20,TRIP-SB-000011-20260812,SB-000011,false,전라남도 광양시 태인동,전라남도 광양시 금호동,6,2.427,0,2026-08-12T15:05:17+09:00,2026-08-12T15:26:04+09:00
TRIP-SB-000011-20260812-L21,TRIP-SB-000011-20260812,SB-000011,false,전라남도 광양시 금호동,전라남도 광양시 금호동,2,0.809,0,2026-08-12T15:30:52+09:00,2026-08-12T15:46:11+09:00
TRIP-SB-000011-20260812-L22,TRIP-SB-000011-20260812,SB-000011,false,전라남도 광양시 금호동,전라남도 광양시 태인동,7,2.832,0,2026-08-12T15:47:29+09:00,2026-08-12T16:12:44+09:00
TRIP-SB-000011-20260812-L23,TRIP-SB-000011-20260812,SB-000011,false,전라남도 광양시 태인동,전라남도 광양시 태인동,0,0.000,0,2026-08-12T16:13:26+09:00,2026-08-12T16:14:10+09:00
TRIP-SB-000011-20260812-L24,TRIP-SB-000011-20260812,SB-000011,false,전라남도 광양시 태인동,전라남도 광양시 태인동,1,0.405,0,2026-08-12T16:14:57+09:00,2026-08-12T16:28:39+09:00
TRIP-SB-000012-20260812-L1,TRIP-SB-000012-20260812,SB-000012,false,전라남도 광양시 태인동,전라남도 광양시 태인동,0,0.000,0,2026-08-12T07:21:54+09:00,2026-08-12T07:30:54+09:00
TRIP-SB-000012-20260812-L2,TRIP-SB-000012-20260812,SB-000012,false,전라남도 광양시 태인동,전라남도 광양시 금호동,5,2.276,0,2026-08-12T07:56:51+09:00,2026-08-12T08:09:06+09:00
TRIP-SB-000012-20260812-L3,TRIP-SB-000012-20260812,SB-000012,false,전라남도 광양시 금호동,전라남도 광양시 금호동,0,0.000,0,2026-08-12T08:16:34+09:00,2026-08-12T08:18:51+09:00
TRIP-SB-000012-20260812-L4,TRIP-SB-000012-20260812,SB-000012,false,전라남도 광양시 금호동,전라남도 광양시 금호동,2,0.910,0,2026-08-12T08:30:47+09:00,2026-08-12T08:44:24+09:00
TRIP-SB-000012-20260812-L5,TRIP-SB-000012-20260812,SB-000012,false,전라남도 광양시 금호동,전라남도 광양시 태인동,7,3.187,0,2026-08-12T08:45:04+09:00,2026-08-12T09:07:39+09:00
TRIP-SB-000012-20260812-L6,TRIP-SB-000012-20260812,SB-000012,false,전라남도 광양시 태인동,전라남도 광양시 태인동,0,0.000,0,2026-08-12T09:11:07+09:00,2026-08-12T09:23:03+09:00
TRIP-SB-000012-20260812-L7,TRIP-SB-000012-20260812,SB-000012,false,전라남도 광양시 태인동,전라남도 광양시 금호동,5,2.276,0,2026-08-12T09:27:03+09:00,2026-08-12T09:38:46+09:00
TRIP-SB-000012-20260812-L8,TRIP-SB-000012-20260812,SB-000012,false,전라남도 광양시 금호동,전라남도 광양시 금호동,3,1.366,0,2026-08-12T09:46:39+09:00,2026-08-12T10:01:20+09:00
TRIP-SB-000012-20260812-L9,TRIP-SB-000012-20260812,SB-000012,false,전라남도 광양시 금호동,전라남도 광양시 태인동,5,2.276,0,2026-08-12T10:02:01+09:00,2026-08-12T10:14:50+09:00
TRIP-SB-000012-20260812-L10,TRIP-SB-000012-20260812,SB-000012,false,전라남도 광양시 태인동,전라남도 광양시 금호동,3,1.366,0,2026-08-12T10:18:16+09:00,2026-08-12T10:26:45+09:00
TRIP-SB-000012-20260812-L11,TRIP-SB-000012-20260812,SB-000012,false,전라남도 광양시 금호동,전라남도 광양시 금호동,4,1.821,0,2026-08-12T10:28:37+09:00,2026-08-12T10:42:55+09:00
TRIP-SB-000012-20260812-L12,TRIP-SB-000012-20260812,SB-000012,false,전라남도 광양시 금호동,전라남도 광양시 금호동,15,6.829,0,2026-08-12T10:43:38+09:00,2026-08-12T11:36:49+09:00
TRIP-SB-000012-20260812-L13,TRIP-SB-000012-20260812,SB-000012,false,전라남도 광양시 금호동,전라남도 광양시 태인동,6,2.731,0,2026-08-12T11:37:25+09:00,2026-08-12T11:52:39+09:00
TRIP-SB-000012-20260812-L14,TRIP-SB-000012-20260812,SB-000012,false,전라남도 광양시 태인동,전라남도 광양시 금호동,6,2.731,0,2026-08-12T12:28:00+09:00,2026-08-12T12:47:42+09:00
TRIP-SB-000012-20260812-L15,TRIP-SB-000012-20260812,SB-000012,false,전라남도 광양시 금호동,전라남도 광양시 금호동,3,1.366,0,2026-08-12T13:06:32+09:00,2026-08-12T13:16:07+09:00
TRIP-SB-000012-20260812-L16,TRIP-SB-000012-20260812,SB-000012,false,전라남도 광양시 금호동,전라남도 광양시 태인동,6,2.731,0,2026-08-12T13:17:09+09:00,2026-08-12T13:48:54+09:00
TRIP-SB-000012-20260812-L17,TRIP-SB-000012-20260812,SB-000012,false,전라남도 광양시 태인동,전라남도 광양시 금호동,8,3.642,0,2026-08-12T14:02:50+09:00,2026-08-12T14:22:43+09:00
TRIP-SB-000012-20260812-L18,TRIP-SB-000012-20260812,SB-000012,false,전라남도 광양시 금호동,전라남도 광양시 금호동,0,0.000,0,2026-08-12T15:04:56+09:00,2026-08-12T15:07:33+09:00
TRIP-SB-000012-20260812-L19,TRIP-SB-000012-20260812,SB-000012,false,전라남도 광양시 금호동,전라남도 광양시 태인동,7,3.187,0,2026-08-12T15:17:51+09:00,2026-08-12T15:45:59+09:00
TRIP-SB-000012-20260812-L20,TRIP-SB-000012-20260812,SB-000012,false,전라남도 광양시 태인동,전라남도 광양시 태인동,0,0.000,0,2026-08-12T15:48:36+09:00,2026-08-12T15:49:55+09:00
TRIP-SB-000012-20260812-L21,TRIP-SB-000012-20260812,SB-000012,false,전라남도 광양시 태인동,전라남도 광양시 태인동,0,0.000,0,2026-08-12T15:51:41+09:00,2026-08-12T15:56:46+09:00
TRIP-SB-000012-20260812-L22,TRIP-SB-000012-20260812,SB-000012,false,전라남도 광양시 태인동,전라남도 광양시 태인동,0,0.000,0,2026-08-12T17:00:25+09:00,2026-08-12T17:03:01+09:00
TRIP-SB-000013-20260812-L1,TRIP-SB-000013-20260812,SB-000013,false,전라남도 광양시 태인동,전라남도 광양시 태인동,1,0.386,0,2026-08-12T07:39:23+09:00,2026-08-12T07:45:42+09:00
TRIP-SB-000013-20260812-L2,TRIP-SB-000013-20260812,SB-000013,false,전라남도 광양시 태인동,전라남도 광양시 금호동,6,2.315,0,2026-08-12T07:57:06+09:00,2026-08-12T08:13:40+09:00
TRIP-SB-000013-20260812-L3,TRIP-SB-000013-20260812,SB-000013,false,전라남도 광양시 금호동,전라남도 광양시 금호동,0,0.000,0,2026-08-12T08:27:38+09:00,2026-08-12T08:29:28+09:00
TRIP-SB-000013-20260812-L4,TRIP-SB-000013-20260812,SB-000013,false,전라남도 광양시 금호동,전라남도 광양시 금호동,0,0.000,0,2026-08-12T08:45:18+09:00,2026-08-12T08:51:55+09:00
TRIP-SB-000013-20260812-L5,TRIP-SB-000013-20260812,SB-000013,false,전라남도 광양시 금호동,전라남도 광양시 태인동,5,1.929,0,2026-08-12T08:52:50+09:00,2026-08-12T09:06:28+09:00
TRIP-SB-000013-20260812-L6,TRIP-SB-000013-20260812,SB-000013,false,전라남도 광양시 태인동,전라남도 광양시 금호동,6,2.315,0,2026-08-12T09:10:41+09:00,2026-08-12T09:30:23+09:00
TRIP-SB-000013-20260812-L7,TRIP-SB-000013-20260812,SB-000013,false,전라남도 광양시 금호동,전라남도 광양시 금호동,1,0.386,0,2026-08-12T09:38:34+09:00,2026-08-12T09:43:19+09:00
TRIP-SB-000013-20260812-L8,TRIP-SB-000013-20260812,SB-000013,false,전라남도 광양시 금호동,전라남도 광양시 태인동,6,2.315,0,2026-08-12T09:44:00+09:00,2026-08-12T10:12:34+09:00
TRIP-SB-000013-20260812-L9,TRIP-SB-000013-20260812,SB-000013,false,전라남도 광양시 태인동,전라남도 광양시 금호동,8,3.086,0,2026-08-12T10:18:27+09:00,2026-08-12T11:23:35+09:00
TRIP-SB-000013-20260812-L10,TRIP-SB-000013-20260812,SB-000013,false,전라남도 광양시 금호동,전라남도 광양시 태인동,6,2.315,0,2026-08-12T11:24:53+09:00,2026-08-12T11:43:21+09:00
TRIP-SB-000013-20260812-L11,TRIP-SB-000013-20260812,SB-000013,false,전라남도 광양시 태인동,전라남도 광양시 태인동,0,0.000,0,2026-08-12T12:22:13+09:00,2026-08-12T12:23:15+09:00
TRIP-SB-000013-20260812-L12,TRIP-SB-000013-20260812,SB-000013,false,전라남도 광양시 태인동,전라남도 광양시 금호동,6,2.315,0,2026-08-12T12:27:52+09:00,2026-08-12T12:49:48+09:00
TRIP-SB-000013-20260812-L13,TRIP-SB-000013-20260812,SB-000013,false,전라남도 광양시 금호동,전라남도 광양시 금호동,2,0.772,0,2026-08-12T13:01:35+09:00,2026-08-12T13:06:21+09:00
TRIP-SB-000013-20260812-L14,TRIP-SB-000013-20260812,SB-000013,false,전라남도 광양시 금호동,전라남도 광양시 금호동,11,4.244,0,2026-08-12T13:07:26+09:00,2026-08-12T13:38:13+09:00
TRIP-SB-000013-20260812-L15,TRIP-SB-000013-20260812,SB-000013,false,전라남도 광양시 금호동,전라남도 광양시 금호동,1,0.386,0,2026-08-12T13:49:11+09:00,2026-08-12T13:54:51+09:00
TRIP-SB-000013-20260812-L16,TRIP-SB-000013-20260812,SB-000013,false,전라남도 광양시 금호동,전라남도 광양시 태인동,6,2.315,0,2026-08-12T13:55:31+09:00,2026-08-12T14:23:04+09:00
TRIP-SB-000013-20260812-L17,TRIP-SB-000013-20260812,SB-000013,false,전라남도 광양시 태인동,전라남도 광양시 태인동,0,0.000,0,2026-08-12T14:28:20+09:00,2026-08-12T14:28:45+09:00
TRIP-SB-000013-20260812-L18,TRIP-SB-000013-20260812,SB-000013,false,전라남도 광양시 태인동,전라남도 광양시 금호동,8,3.086,0,2026-08-12T14:37:13+09:00,2026-08-12T15:06:34+09:00
TRIP-SB-000013-20260812-L19,TRIP-SB-000013-20260812,SB-000013,false,전라남도 광양시 금호동,전라남도 광양시 금호동,13,5.015,0,2026-08-12T15:06:58+09:00,2026-08-12T16:12:16+09:00
TRIP-SB-000013-20260812-L20,TRIP-SB-000013-20260812,SB-000013,false,전라남도 광양시 금호동,전라남도 광양시 태인동,5,1.929,0,2026-08-12T16:13:06+09:00,2026-08-12T16:28:34+09:00
TRIP-SB-000013-20260812-L21,TRIP-SB-000013-20260812,SB-000013,false,전라남도 광양시 태인동,전라남도 광양시 태인동,0,0.000,0,2026-08-12T16:30:31+09:00,2026-08-12T16:32:01+09:00
TRIP-SB-000014-20260812-L1,TRIP-SB-000014-20260812,SB-000014,false,전라남도 광양시 태인동,전라남도 광양시 금호동,0,0.000,0,2026-08-12T07:44:57+09:00,2026-08-12T08:22:35+09:00
TRIP-SB-000014-20260812-L2,TRIP-SB-000014-20260812,SB-000014,false,전라남도 광양시 금호동,전라남도 광양시 태인동,0,0.000,0,2026-08-12T08:32:55+09:00,2026-08-12T09:49:57+09:00
TRIP-SB-000014-20260812-L3,TRIP-SB-000014-20260812,SB-000014,false,전라남도 광양시 태인동,전라남도 광양시 금호동,0,0.000,0,2026-08-12T09:52:55+09:00,2026-08-12T10:11:45+09:00
TRIP-SB-000014-20260812-L4,TRIP-SB-000014-20260812,SB-000014,false,전라남도 광양시 금호동,전라남도 광양시 금호동,0,0.000,0,2026-08-12T10:25:19+09:00,2026-08-12T10:32:40+09:00
TRIP-SB-000014-20260812-L5,TRIP-SB-000014-20260812,SB-000014,false,전라남도 광양시 금호동,전라남도 광양시 금호동,0,0.000,0,2026-08-12T10:34:48+09:00,2026-08-12T10:35:24+09:00
TRIP-SB-000014-20260812-L6,TRIP-SB-000014-20260812,SB-000014,false,전라남도 광양시 금호동,전라남도 광양시 금호동,0,0.000,0,2026-08-12T10:47:24+09:00,2026-08-12T10:47:44+09:00
TRIP-SB-000014-20260812-L7,TRIP-SB-000014-20260812,SB-000014,false,전라남도 광양시 금호동,전라남도 광양시 태인동,0,0.000,0,2026-08-12T11:00:28+09:00,2026-08-12T11:30:58+09:00
TRIP-SB-000014-20260812-L8,TRIP-SB-000014-20260812,SB-000014,false,전라남도 광양시 태인동,전라남도 광양시 금호동,0,0.000,0,2026-08-12T11:36:08+09:00,2026-08-12T11:48:19+09:00
TRIP-SB-000014-20260812-L9,TRIP-SB-000014-20260812,SB-000014,false,전라남도 광양시 금호동,전라남도 광양시 도이동,0,0.000,0,2026-08-12T12:01:53+09:00,2026-08-12T12:46:34+09:00
TRIP-SB-000014-20260812-L10,TRIP-SB-000014-20260812,SB-000014,false,전라남도 광양시 도이동,전라남도 광양시 금호동,0,0.000,0,2026-08-12T13:03:40+09:00,2026-08-12T13:26:08+09:00
TRIP-SB-000014-20260812-L11,TRIP-SB-000014-20260812,SB-000014,false,전라남도 광양시 금호동,전라남도 광양시 금호동,0,0.000,0,2026-08-12T13:32:40+09:00,2026-08-12T13:32:56+09:00
TRIP-SB-000014-20260812-L12,TRIP-SB-000014-20260812,SB-000014,false,전라남도 광양시 금호동,전라남도 광양시 태인동,0,0.000,0,2026-08-12T13:42:27+09:00,2026-08-12T14:21:38+09:00
TRIP-SB-000014-20260812-L13,TRIP-SB-000014-20260812,SB-000014,false,전라남도 광양시 태인동,전라남도 광양시 태인동,0,0.000,0,2026-08-12T14:22:06+09:00,2026-08-12T14:29:15+09:00
TRIP-SB-000014-20260812-L14,TRIP-SB-000014-20260812,SB-000014,false,전라남도 광양시 태인동,전라남도 광양시 태인동,0,0.000,0,2026-08-12T14:36:41+09:00,2026-08-12T14:38:11+09:00
TRIP-SB-000014-20260812-L15,TRIP-SB-000014-20260812,SB-000014,false,전라남도 광양시 태인동,전라남도 광양시 금호동,0,0.000,0,2026-08-12T14:46:32+09:00,2026-08-12T15:45:51+09:00
TRIP-SB-000014-20260812-L16,TRIP-SB-000014-20260812,SB-000014,false,전라남도 광양시 금호동,전라남도 광양시 금호동,0,0.000,0,2026-08-12T15:49:12+09:00,2026-08-12T15:51:41+09:00
TRIP-SB-000014-20260812-L17,TRIP-SB-000014-20260812,SB-000014,false,전라남도 광양시 금호동,전라남도 광양시 태인동,0,0.000,0,2026-08-12T15:59:10+09:00,2026-08-12T16:25:49+09:00
TRIP-SB-000014-20260812-L18,TRIP-SB-000014-20260812,SB-000014,false,전라남도 광양시 태인동,전라남도 광양시 태인동,0,0.000,0,2026-08-12T16:28:15+09:00,2026-08-12T16:29:41+09:00
TRIP-SB-000014-20260812-L19,TRIP-SB-000014-20260812,SB-000014,false,전라남도 광양시 태인동,전라남도 광양시 태인동,0,0.000,0,2026-08-12T16:31:08+09:00,2026-08-12T16:31:19+09:00
TRIP-SB-000014-20260812-L20,TRIP-SB-000014-20260812,SB-000014,false,전라남도 광양시 태인동,전라남도 광양시 태인동,0,0.000,0,2026-08-12T16:37:59+09:00,2026-08-12T16:38:09+09:00
